Date,Timestamp,R,D,Margin,Daily Margin Change,Vote Difference,Total Votes Cast,Total Unprocessed Ballots*,Jurisdiction,Unprocessed Ballots,Race,Estimated Votes Remaining,Estimated Final Vote Count
2024-11-05,23:46:00,113246,94852,0.0883910465261559,,18394,208098,,Alpine,,CD-3,,
2024-11-06,08:10:00,148102,109302,0.1507358083013473,0.0623447617751913,38800,257404,,Alpine,,CD-3,,
2024-11-06,17:25:00,148131,109327,0.1507197290431837,-1.6079258163576027e-05,38804,257458,,Alpine,,CD-3,,
2024-11-07,17:37:00,148639,110087,0.1490070576594544,-0.0017126713837293,38552,258726,523355.0,Alpine,32.0,CD-3,141003,399729
2024-11-08,17:12:00,170208,130087,0.1336052881333355,-0.0154017695261188,40121,300295,391011.0,Alpine,32.0,CD-3,118230,418525
2024-11-09,17:44:00,170406,130143,0.1339648443348672,0.0003595562015316,40263,300549,391011.0,Alpine,32.0,CD-3,118230,418779
2024-11-10,19:32:00,170406,130143,0.1339648443348672,0.0,40263,300549,391011.0,Alpine,32.0,CD-3,118230,418779
2024-11-11,05:07:00,170406,130143,0.1339648443348672,0.0,40263,300549,391011.0,Alpine,32.0,CD-3,118230,418779
2024-11-12,08:08:00,170406,130143,0.1339648443348672,0.0,40263,300549,373345.0,Alpine,32.0,CD-3,104392,404941
2024-11-12,17:19:00,190629,148866,0.1230150664958246,-0.0109497778390425,41763,339495,337431.0,Alpine,32.0,CD-3,74583,414078
2024-11-13,10:32:00,190804,149113,0.1226505293939402,-0.0003645371018843,41691,339917,250971.0,Alpine,32.0,CD-3,67774,407691
2024-11-14,03:14:00,191836,149486,0.1240763853487322,0.0014258559547919,42350,341322,250971.0,Alpine,32.0,CD-3,67774,409096
2024-11-14,18:06:00,192267,149681,0.1245394036520172,0.0004630183032849,42586,341948,250987.0,Alpine,48.0,CD-3,67788,409736
2024-11-15,19:06:00,217908,171203,0.1200300171416382,-0.004509386510379,46705,389111,90073.0,Alpine,48.0,CD-3,27099,416210
2024-11-16,17:52:00,217908,171203,0.1200300171416382,0.0,46705,389111,92236.0,Alpine,48.0,CD-3,28894,418005
2024-11-18,09:30:00,217908,171203,0.1200300171416382,0.0,46705,389111,92236.0,Alpine,48.0,CD-3,28894,418005
2024-11-18,18:44:00,217908,171203,0.1200300171416382,0.0,46705,389111,92236.0,Alpine,48.0,CD-3,28894,418005
2024-11-19,18:03:00,223633,177538,0.1149011269508513,-0.0051288901907868,46095,401171,84908.0,Alpine,48.0,CD-3,22812,423983
2024-11-20,17:52:00,223644,177563,0.1148559222545967,-4.520469625461654e-05,46081,401207,48954.0,Alpine,48.0,CD-3,18813,420020
2024-11-21,18:41:00,223838,177750,0.1147643853900017,-9.153686459506538e-05,46088,401588,48688.0,Alpine,48.0,CD-3,18593,420181
2024-11-22,20:02:00,229747,185273,0.1071611006698472,-0.0076032847201544,44474,415020,26007.0,Alpine,48.0,CD-3,8194,423214
2024-11-23,17:53:00,229747,185273,0.1071611006698472,0.0,44474,415020,23922.0,Alpine,48.0,CD-3,6464,421484
2024-11-25,18:56:00,229753,185279,0.1071580022745234,-3.098395323836156e-06,44474,415032,23919.0,Alpine,48.0,CD-3,6461,421493
2024-11-26,19:14:00,230085,185508,0.1072611906360309,0.0001031883615075,44577,415593,23907.0,Alpine,48.0,CD-3,6451,422044
2024-11-27,21:08:00,233425,187513,0.1090706944965766,0.0018095038605457,45912,420938,11014.0,Alpine,48.0,CD-3,1359,422297
2024-11-29,18:55:00,233425,187513,0.1090706944965766,0.0,45912,420938,11014.0,Alpine,48.0,CD-3,1359,422297
2024-12-02,18:08:00,233721,187726,0.1091359055824338,6.521108585716417e-05,45995,421447,2381.0,Alpine,48.0,CD-3,708,422155
2024-12-03,23:53:00,234246,188067,0.1093478060111812,0.0002119004287474,46179,422313,0.0,Alpine,0.0,CD-3,0,422313
2024-12-04,20:15:00,234246,188067,0.1093478060111812,0.0,46179,422313,0.0,Alpine,0.0,CD-3,0,422313
2024-12-05,10:16:00,234246,188067,0.1093478060111812,0.0,46179,422313,0.0,Alpine,0.0,CD-3,0,422313
2024-11-05,23:46:00,113246,94852,0.0883910465261559,,18394,208098,,El Dorado,,CD-3,,
2024-11-06,08:10:00,148102,109302,0.1507358083013473,0.0623447617751913,38800,257404,,El Dorado,,CD-3,,
2024-11-06,17:25:00,148131,109327,0.1507197290431837,-1.6079258163576027e-05,38804,257458,,El Dorado,,CD-3,,
2024-11-07,17:37:00,148639,110087,0.1490070576594544,-0.0017126713837293,38552,258726,523355.0,El Dorado,24960.0,CD-3,141003,399729
2024-11-08,17:12:00,170208,130087,0.1336052881333355,-0.0154017695261188,40121,300295,391011.0,El Dorado,1719.0,CD-3,118230,418525
2024-11-09,17:44:00,170406,130143,0.1339648443348672,0.0003595562015316,40263,300549,391011.0,El Dorado,1719.0,CD-3,118230,418779
2024-11-10,19:32:00,170406,130143,0.1339648443348672,0.0,40263,300549,391011.0,El Dorado,1719.0,CD-3,118230,418779
2024-11-11,05:07:00,170406,130143,0.1339648443348672,0.0,40263,300549,391011.0,El Dorado,1719.0,CD-3,118230,418779
2024-11-12,08:08:00,170406,130143,0.1339648443348672,0.0,40263,300549,373345.0,El Dorado,1719.0,CD-3,104392,404941
2024-11-12,17:19:00,190629,148866,0.1230150664958246,-0.0109497778390425,41763,339495,337431.0,El Dorado,1719.0,CD-3,74583,414078
2024-11-13,10:32:00,190804,149113,0.1226505293939402,-0.0003645371018843,41691,339917,250971.0,El Dorado,1719.0,CD-3,67774,407691
2024-11-14,03:14:00,191836,149486,0.1240763853487322,0.0014258559547919,42350,341322,250971.0,El Dorado,1719.0,CD-3,67774,409096
2024-11-14,18:06:00,192267,149681,0.1245394036520172,0.0004630183032849,42586,341948,250987.0,El Dorado,1719.0,CD-3,67788,409736
2024-11-15,19:06:00,217908,171203,0.1200300171416382,-0.004509386510379,46705,389111,90073.0,El Dorado,437.0,CD-3,27099,416210
2024-11-16,17:52:00,217908,171203,0.1200300171416382,0.0,46705,389111,92236.0,El Dorado,437.0,CD-3,28894,418005
2024-11-18,09:30:00,217908,171203,0.1200300171416382,0.0,46705,389111,92236.0,El Dorado,437.0,CD-3,28894,418005
2024-11-18,18:44:00,217908,171203,0.1200300171416382,0.0,46705,389111,92236.0,El Dorado,437.0,CD-3,28894,418005
2024-11-19,18:03:00,223633,177538,0.1149011269508513,-0.0051288901907868,46095,401171,84908.0,El Dorado,437.0,CD-3,22812,423983
2024-11-20,17:52:00,223644,177563,0.1148559222545967,-4.520469625461654e-05,46081,401207,48954.0,El Dorado,437.0,CD-3,18813,420020
2024-11-21,18:41:00,223838,177750,0.1147643853900017,-9.153686459506538e-05,46088,401588,48688.0,El Dorado,437.0,CD-3,18593,420181
2024-11-22,20:02:00,229747,185273,0.1071611006698472,-0.0076032847201544,44474,415020,26007.0,El Dorado,0.0,CD-3,8194,423214
2024-11-23,17:53:00,229747,185273,0.1071611006698472,0.0,44474,415020,23922.0,El Dorado,0.0,CD-3,6464,421484
2024-11-25,18:56:00,229753,185279,0.1071580022745234,-3.098395323836156e-06,44474,415032,23919.0,El Dorado,0.0,CD-3,6461,421493
2024-11-26,19:14:00,230085,185508,0.1072611906360309,0.0001031883615075,44577,415593,23907.0,El Dorado,0.0,CD-3,6451,422044
2024-11-27,21:08:00,233425,187513,0.1090706944965766,0.0018095038605457,45912,420938,11014.0,El Dorado,0.0,CD-3,1359,422297
2024-11-29,18:55:00,233425,187513,0.1090706944965766,0.0,45912,420938,11014.0,El Dorado,0.0,CD-3,1359,422297
2024-12-02,18:08:00,233721,187726,0.1091359055824338,6.521108585716417e-05,45995,421447,2381.0,El Dorado,0.0,CD-3,708,422155
2024-12-03,23:53:00,234246,188067,0.1093478060111812,0.0002119004287474,46179,422313,0.0,El Dorado,0.0,CD-3,0,422313
2024-12-04,20:15:00,234246,188067,0.1093478060111812,0.0,46179,422313,0.0,El Dorado,0.0,CD-3,0,422313
2024-12-05,10:16:00,234246,188067,0.1093478060111812,0.0,46179,422313,0.0,El Dorado,0.0,CD-3,0,422313
2024-11-05,23:46:00,113246,94852,0.0883910465261559,,18394,208098,,Inyo,,CD-3,,
2024-11-06,08:10:00,148102,109302,0.1507358083013473,0.0623447617751913,38800,257404,,Inyo,,CD-3,,
2024-11-06,17:25:00,148131,109327,0.1507197290431837,-1.6079258163576027e-05,38804,257458,,Inyo,,CD-3,,
2024-11-07,17:37:00,148639,110087,0.1490070576594544,-0.0017126713837293,38552,258726,523355.0,Inyo,3189.0,CD-3,141003,399729
2024-11-08,17:12:00,170208,130087,0.1336052881333355,-0.0154017695261188,40121,300295,391011.0,Inyo,699.0,CD-3,118230,418525
2024-11-09,17:44:00,170406,130143,0.1339648443348672,0.0003595562015316,40263,300549,391011.0,Inyo,699.0,CD-3,118230,418779
2024-11-10,19:32:00,170406,130143,0.1339648443348672,0.0,40263,300549,391011.0,Inyo,699.0,CD-3,118230,418779
2024-11-11,05:07:00,170406,130143,0.1339648443348672,0.0,40263,300549,391011.0,Inyo,699.0,CD-3,118230,418779
2024-11-12,08:08:00,170406,130143,0.1339648443348672,0.0,40263,300549,373345.0,Inyo,699.0,CD-3,104392,404941
2024-11-12,17:19:00,190629,148866,0.1230150664958246,-0.0109497778390425,41763,339495,337431.0,Inyo,699.0,CD-3,74583,414078
2024-11-13,10:32:00,190804,149113,0.1226505293939402,-0.0003645371018843,41691,339917,250971.0,Inyo,229.0,CD-3,67774,407691
2024-11-14,03:14:00,191836,149486,0.1240763853487322,0.0014258559547919,42350,341322,250971.0,Inyo,229.0,CD-3,67774,409096
2024-11-14,18:06:00,192267,149681,0.1245394036520172,0.0004630183032849,42586,341948,250987.0,Inyo,229.0,CD-3,67788,409736
2024-11-15,19:06:00,217908,171203,0.1200300171416382,-0.004509386510379,46705,389111,90073.0,Inyo,229.0,CD-3,27099,416210
2024-11-16,17:52:00,217908,171203,0.1200300171416382,0.0,46705,389111,92236.0,Inyo,229.0,CD-3,28894,418005
2024-11-18,09:30:00,217908,171203,0.1200300171416382,0.0,46705,389111,92236.0,Inyo,229.0,CD-3,28894,418005
2024-11-18,18:44:00,217908,171203,0.1200300171416382,0.0,46705,389111,92236.0,Inyo,229.0,CD-3,28894,418005
2024-11-19,18:03:00,223633,177538,0.1149011269508513,-0.0051288901907868,46095,401171,84908.0,Inyo,229.0,CD-3,22812,423983
2024-11-20,17:52:00,223644,177563,0.1148559222545967,-4.520469625461654e-05,46081,401207,48954.0,Inyo,229.0,CD-3,18813,420020
2024-11-21,18:41:00,223838,177750,0.1147643853900017,-9.153686459506538e-05,46088,401588,48688.0,Inyo,3.0,CD-3,18593,420181
2024-11-22,20:02:00,229747,185273,0.1071611006698472,-0.0076032847201544,44474,415020,26007.0,Inyo,3.0,CD-3,8194,423214
2024-11-23,17:53:00,229747,185273,0.1071611006698472,0.0,44474,415020,23922.0,Inyo,3.0,CD-3,6464,421484
2024-11-25,18:56:00,229753,185279,0.1071580022745234,-3.098395323836156e-06,44474,415032,23919.0,Inyo,3.0,CD-3,6461,421493
2024-11-26,19:14:00,230085,185508,0.1072611906360309,0.0001031883615075,44577,415593,23907.0,Inyo,3.0,CD-3,6451,422044
2024-11-27,21:08:00,233425,187513,0.1090706944965766,0.0018095038605457,45912,420938,11014.0,Inyo,9.0,CD-3,1359,422297
2024-11-29,18:55:00,233425,187513,0.1090706944965766,0.0,45912,420938,11014.0,Inyo,9.0,CD-3,1359,422297
2024-12-02,18:08:00,233721,187726,0.1091359055824338,6.521108585716417e-05,45995,421447,2381.0,Inyo,0.0,CD-3,708,422155
2024-12-03,23:53:00,234246,188067,0.1093478060111812,0.0002119004287474,46179,422313,0.0,Inyo,0.0,CD-3,0,422313
2024-12-04,20:15:00,234246,188067,0.1093478060111812,0.0,46179,422313,0.0,Inyo,0.0,CD-3,0,422313
2024-12-05,10:16:00,234246,188067,0.1093478060111812,0.0,46179,422313,0.0,Inyo,0.0,CD-3,0,422313
2024-11-05,23:46:00,113246,94852,0.0883910465261559,,18394,208098,,Mono,,CD-3,,
2024-11-06,08:10:00,148102,109302,0.1507358083013473,0.0623447617751913,38800,257404,,Mono,,CD-3,,
2024-11-06,17:25:00,148131,109327,0.1507197290431837,-1.6079258163576027e-05,38804,257458,,Mono,,CD-3,,
2024-11-07,17:37:00,148639,110087,0.1490070576594544,-0.0017126713837293,38552,258726,523355.0,Mono,300.0,CD-3,141003,399729
2024-11-08,17:12:00,170208,130087,0.1336052881333355,-0.0154017695261188,40121,300295,391011.0,Mono,200.0,CD-3,118230,418525
2024-11-09,17:44:00,170406,130143,0.1339648443348672,0.0003595562015316,40263,300549,391011.0,Mono,200.0,CD-3,118230,418779
2024-11-10,19:32:00,170406,130143,0.1339648443348672,0.0,40263,300549,391011.0,Mono,200.0,CD-3,118230,418779
2024-11-11,05:07:00,170406,130143,0.1339648443348672,0.0,40263,300549,391011.0,Mono,200.0,CD-3,118230,418779
2024-11-12,08:08:00,170406,130143,0.1339648443348672,0.0,40263,300549,373345.0,Mono,150.0,CD-3,104392,404941
2024-11-12,17:19:00,190629,148866,0.1230150664958246,-0.0109497778390425,41763,339495,337431.0,Mono,150.0,CD-3,74583,414078
2024-11-13,10:32:00,190804,149113,0.1226505293939402,-0.0003645371018843,41691,339917,250971.0,Mono,150.0,CD-3,67774,407691
2024-11-14,03:14:00,191836,149486,0.1240763853487322,0.0014258559547919,42350,341322,250971.0,Mono,150.0,CD-3,67774,409096
2024-11-14,18:06:00,192267,149681,0.1245394036520172,0.0004630183032849,42586,341948,250987.0,Mono,150.0,CD-3,67788,409736
2024-11-15,19:06:00,217908,171203,0.1200300171416382,-0.004509386510379,46705,389111,90073.0,Mono,100.0,CD-3,27099,416210
2024-11-16,17:52:00,217908,171203,0.1200300171416382,0.0,46705,389111,92236.0,Mono,50.0,CD-3,28894,418005
2024-11-18,09:30:00,217908,171203,0.1200300171416382,0.0,46705,389111,92236.0,Mono,50.0,CD-3,28894,418005
2024-11-18,18:44:00,217908,171203,0.1200300171416382,0.0,46705,389111,92236.0,Mono,50.0,CD-3,28894,418005
2024-11-19,18:03:00,223633,177538,0.1149011269508513,-0.0051288901907868,46095,401171,84908.0,Mono,50.0,CD-3,22812,423983
2024-11-20,17:52:00,223644,177563,0.1148559222545967,-4.520469625461654e-05,46081,401207,48954.0,Mono,50.0,CD-3,18813,420020
2024-11-21,18:41:00,223838,177750,0.1147643853900017,-9.153686459506538e-05,46088,401588,48688.0,Mono,10.0,CD-3,18593,420181
2024-11-22,20:02:00,229747,185273,0.1071611006698472,-0.0076032847201544,44474,415020,26007.0,Mono,10.0,CD-3,8194,423214
2024-11-23,17:53:00,229747,185273,0.1071611006698472,0.0,44474,415020,23922.0,Mono,10.0,CD-3,6464,421484
2024-11-25,18:56:00,229753,185279,0.1071580022745234,-3.098395323836156e-06,44474,415032,23919.0,Mono,10.0,CD-3,6461,421493
2024-11-26,19:14:00,230085,185508,0.1072611906360309,0.0001031883615075,44577,415593,23907.0,Mono,10.0,CD-3,6451,422044
2024-11-27,21:08:00,233425,187513,0.1090706944965766,0.0018095038605457,45912,420938,11014.0,Mono,10.0,CD-3,1359,422297
2024-11-29,18:55:00,233425,187513,0.1090706944965766,0.0,45912,420938,11014.0,Mono,10.0,CD-3,1359,422297
2024-12-02,18:08:00,233721,187726,0.1091359055824338,6.521108585716417e-05,45995,421447,2381.0,Mono,10.0,CD-3,708,422155
2024-12-03,23:53:00,234246,188067,0.1093478060111812,0.0002119004287474,46179,422313,0.0,Mono,0.0,CD-3,0,422313
2024-12-04,20:15:00,234246,188067,0.1093478060111812,0.0,46179,422313,0.0,Mono,0.0,CD-3,0,422313
2024-12-05,10:16:00,234246,188067,0.1093478060111812,0.0,46179,422313,0.0,Mono,0.0,CD-3,0,422313
2024-11-05,23:46:00,113246,94852,0.0883910465261559,,18394,208098,,Nevada,,CD-3,,
2024-11-06,08:10:00,148102,109302,0.1507358083013473,0.0623447617751913,38800,257404,,Nevada,,CD-3,,
2024-11-06,17:25:00,148131,109327,0.1507197290431837,-1.6079258163576027e-05,38804,257458,,Nevada,,CD-3,,
2024-11-07,17:37:00,148639,110087,0.1490070576594544,-0.0017126713837293,38552,258726,523355.0,Nevada,53290.0,CD-3,141003,399729
2024-11-08,17:12:00,170208,130087,0.1336052881333355,-0.0154017695261188,40121,300295,391011.0,Nevada,46765.0,CD-3,118230,418525
2024-11-09,17:44:00,170406,130143,0.1339648443348672,0.0003595562015316,40263,300549,391011.0,Nevada,46765.0,CD-3,118230,418779
2024-11-10,19:32:00,170406,130143,0.1339648443348672,0.0,40263,300549,391011.0,Nevada,46765.0,CD-3,118230,418779
2024-11-11,05:07:00,170406,130143,0.1339648443348672,0.0,40263,300549,391011.0,Nevada,46765.0,CD-3,118230,418779
2024-11-12,08:08:00,170406,130143,0.1339648443348672,0.0,40263,300549,373345.0,Nevada,46765.0,CD-3,104392,404941
2024-11-12,17:19:00,190629,148866,0.1230150664958246,-0.0109497778390425,41763,339495,337431.0,Nevada,30449.0,CD-3,74583,414078
2024-11-13,10:32:00,190804,149113,0.1226505293939402,-0.0003645371018843,41691,339917,250971.0,Nevada,30449.0,CD-3,67774,407691
2024-11-14,03:14:00,191836,149486,0.1240763853487322,0.0014258559547919,42350,341322,250971.0,Nevada,30449.0,CD-3,67774,409096
2024-11-14,18:06:00,192267,149681,0.1245394036520172,0.0004630183032849,42586,341948,250987.0,Nevada,30449.0,CD-3,67788,409736
2024-11-15,19:06:00,217908,171203,0.1200300171416382,-0.004509386510379,46705,389111,90073.0,Nevada,18622.0,CD-3,27099,416210
2024-11-16,17:52:00,217908,171203,0.1200300171416382,0.0,46705,389111,92236.0,Nevada,18622.0,CD-3,28894,418005
2024-11-18,09:30:00,217908,171203,0.1200300171416382,0.0,46705,389111,92236.0,Nevada,18622.0,CD-3,28894,418005
2024-11-18,18:44:00,217908,171203,0.1200300171416382,0.0,46705,389111,92236.0,Nevada,18622.0,CD-3,28894,418005
2024-11-19,18:03:00,223633,177538,0.1149011269508513,-0.0051288901907868,46095,401171,84908.0,Nevada,11294.0,CD-3,22812,423983
2024-11-20,17:52:00,223644,177563,0.1148559222545967,-4.520469625461654e-05,46081,401207,48954.0,Nevada,11294.0,CD-3,18813,420020
2024-11-21,18:41:00,223838,177750,0.1147643853900017,-9.153686459506538e-05,46088,401588,48688.0,Nevada,11294.0,CD-3,18593,420181
2024-11-22,20:02:00,229747,185273,0.1071611006698472,-0.0076032847201544,44474,415020,26007.0,Nevada,85.0,CD-3,8194,423214
2024-11-23,17:53:00,229747,185273,0.1071611006698472,0.0,44474,415020,23922.0,Nevada,85.0,CD-3,6464,421484
2024-11-25,18:56:00,229753,185279,0.1071580022745234,-3.098395323836156e-06,44474,415032,23919.0,Nevada,85.0,CD-3,6461,421493
2024-11-26,19:14:00,230085,185508,0.1072611906360309,0.0001031883615075,44577,415593,23907.0,Nevada,73.0,CD-3,6451,422044
2024-11-27,21:08:00,233425,187513,0.1090706944965766,0.0018095038605457,45912,420938,11014.0,Nevada,73.0,CD-3,1359,422297
2024-11-29,18:55:00,233425,187513,0.1090706944965766,0.0,45912,420938,11014.0,Nevada,73.0,CD-3,1359,422297
2024-12-02,18:08:00,233721,187726,0.1091359055824338,6.521108585716417e-05,45995,421447,2381.0,Nevada,73.0,CD-3,708,422155
2024-12-03,23:53:00,234246,188067,0.1093478060111812,0.0002119004287474,46179,422313,0.0,Nevada,0.0,CD-3,0,422313
2024-12-04,20:15:00,234246,188067,0.1093478060111812,0.0,46179,422313,0.0,Nevada,0.0,CD-3,0,422313
2024-12-05,10:16:00,234246,188067,0.1093478060111812,0.0,46179,422313,0.0,Nevada,0.0,CD-3,0,422313
2024-11-05,23:46:00,113246,94852,0.0883910465261559,,18394,208098,,Placer,,CD-3,,
2024-11-06,08:10:00,148102,109302,0.1507358083013473,0.0623447617751913,38800,257404,,Placer,,CD-3,,
2024-11-06,17:25:00,148131,109327,0.1507197290431837,-1.6079258163576027e-05,38804,257458,,Placer,,CD-3,,
2024-11-07,17:37:00,148639,110087,0.1490070576594544,-0.0017126713837293,38552,258726,523355.0,Placer,67115.0,CD-3,141003,399729
2024-11-08,17:12:00,170208,130087,0.1336052881333355,-0.0154017695261188,40121,300295,391011.0,Placer,67115.0,CD-3,118230,418525
2024-11-09,17:44:00,170406,130143,0.1339648443348672,0.0003595562015316,40263,300549,391011.0,Placer,67115.0,CD-3,118230,418779
2024-11-10,19:32:00,170406,130143,0.1339648443348672,0.0,40263,300549,391011.0,Placer,67115.0,CD-3,118230,418779
2024-11-11,05:07:00,170406,130143,0.1339648443348672,0.0,40263,300549,391011.0,Placer,67115.0,CD-3,118230,418779
2024-11-12,08:08:00,170406,130143,0.1339648443348672,0.0,40263,300549,373345.0,Placer,50799.0,CD-3,104392,404941
2024-11-12,17:19:00,190629,148866,0.1230150664958246,-0.0109497778390425,41763,339495,337431.0,Placer,31201.0,CD-3,74583,414078
2024-11-13,10:32:00,190804,149113,0.1226505293939402,-0.0003645371018843,41691,339917,250971.0,Placer,31201.0,CD-3,67774,407691
2024-11-14,03:14:00,191836,149486,0.1240763853487322,0.0014258559547919,42350,341322,250971.0,Placer,31201.0,CD-3,67774,409096
2024-11-14,18:06:00,192267,149681,0.1245394036520172,0.0004630183032849,42586,341948,250987.0,Placer,31201.0,CD-3,67788,409736
2024-11-15,19:06:00,217908,171203,0.1200300171416382,-0.004509386510379,46705,389111,90073.0,Placer,7335.0,CD-3,27099,416210
2024-11-16,17:52:00,217908,171203,0.1200300171416382,0.0,46705,389111,92236.0,Placer,9548.0,CD-3,28894,418005
2024-11-18,09:30:00,217908,171203,0.1200300171416382,0.0,46705,389111,92236.0,Placer,9548.0,CD-3,28894,418005
2024-11-18,18:44:00,217908,171203,0.1200300171416382,0.0,46705,389111,92236.0,Placer,9548.0,CD-3,28894,418005
2024-11-19,18:03:00,223633,177538,0.1149011269508513,-0.0051288901907868,46095,401171,84908.0,Placer,9548.0,CD-3,22812,423983
2024-11-20,17:52:00,223644,177563,0.1148559222545967,-4.520469625461654e-05,46081,401207,48954.0,Placer,7808.0,CD-3,18813,420020
2024-11-21,18:41:00,223838,177750,0.1147643853900017,-9.153686459506538e-05,46088,401588,48688.0,Placer,7808.0,CD-3,18593,420181
2024-11-22,20:02:00,229747,185273,0.1071611006698472,-0.0076032847201544,44474,415020,26007.0,Placer,7808.0,CD-3,8194,423214
2024-11-23,17:53:00,229747,185273,0.1071611006698472,0.0,44474,415020,23922.0,Placer,5723.0,CD-3,6464,421484
2024-11-25,18:56:00,229753,185279,0.1071580022745234,-3.098395323836156e-06,44474,415032,23919.0,Placer,5723.0,CD-3,6461,421493
2024-11-26,19:14:00,230085,185508,0.1072611906360309,0.0001031883615075,44577,415593,23907.0,Placer,5723.0,CD-3,6451,422044
2024-11-27,21:08:00,233425,187513,0.1090706944965766,0.0018095038605457,45912,420938,11014.0,Placer,250.0,CD-3,1359,422297
2024-11-29,18:55:00,233425,187513,0.1090706944965766,0.0,45912,420938,11014.0,Placer,250.0,CD-3,1359,422297
2024-12-02,18:08:00,233721,187726,0.1091359055824338,6.521108585716417e-05,45995,421447,2381.0,Placer,250.0,CD-3,708,422155
2024-12-03,23:53:00,234246,188067,0.1093478060111812,0.0002119004287474,46179,422313,0.0,Placer,0.0,CD-3,0,422313
2024-12-04,20:15:00,234246,188067,0.1093478060111812,0.0,46179,422313,0.0,Placer,0.0,CD-3,0,422313
2024-12-05,10:16:00,234246,188067,0.1093478060111812,0.0,46179,422313,0.0,Placer,0.0,CD-3,0,422313
2024-11-05,23:46:00,113246,94852,0.0883910465261559,,18394,208098,,Plumas,,CD-3,,
2024-11-06,08:10:00,148102,109302,0.1507358083013473,0.0623447617751913,38800,257404,,Plumas,,CD-3,,
2024-11-06,17:25:00,148131,109327,0.1507197290431837,-1.6079258163576027e-05,38804,257458,,Plumas,,CD-3,,
2024-11-07,17:37:00,148639,110087,0.1490070576594544,-0.0017126713837293,38552,258726,523355.0,Plumas,199.0,CD-3,141003,399729
2024-11-08,17:12:00,170208,130087,0.1336052881333355,-0.0154017695261188,40121,300295,391011.0,Plumas,199.0,CD-3,118230,418525
2024-11-09,17:44:00,170406,130143,0.1339648443348672,0.0003595562015316,40263,300549,391011.0,Plumas,199.0,CD-3,118230,418779
2024-11-10,19:32:00,170406,130143,0.1339648443348672,0.0,40263,300549,391011.0,Plumas,199.0,CD-3,118230,418779
2024-11-11,05:07:00,170406,130143,0.1339648443348672,0.0,40263,300549,391011.0,Plumas,199.0,CD-3,118230,418779
2024-11-12,08:08:00,170406,130143,0.1339648443348672,0.0,40263,300549,373345.0,Plumas,199.0,CD-3,104392,404941
2024-11-12,17:19:00,190629,148866,0.1230150664958246,-0.0109497778390425,41763,339495,337431.0,Plumas,199.0,CD-3,74583,414078
2024-11-13,10:32:00,190804,149113,0.1226505293939402,-0.0003645371018843,41691,339917,250971.0,Plumas,199.0,CD-3,67774,407691
2024-11-14,03:14:00,191836,149486,0.1240763853487322,0.0014258559547919,42350,341322,250971.0,Plumas,199.0,CD-3,67774,409096
2024-11-14,18:06:00,192267,149681,0.1245394036520172,0.0004630183032849,42586,341948,250987.0,Plumas,199.0,CD-3,67788,409736
2024-11-15,19:06:00,217908,171203,0.1200300171416382,-0.004509386510379,46705,389111,90073.0,Plumas,3.0,CD-3,27099,416210
2024-11-16,17:52:00,217908,171203,0.1200300171416382,0.0,46705,389111,92236.0,Plumas,3.0,CD-3,28894,418005
2024-11-18,09:30:00,217908,171203,0.1200300171416382,0.0,46705,389111,92236.0,Plumas,3.0,CD-3,28894,418005
2024-11-18,18:44:00,217908,171203,0.1200300171416382,0.0,46705,389111,92236.0,Plumas,3.0,CD-3,28894,418005
2024-11-19,18:03:00,223633,177538,0.1149011269508513,-0.0051288901907868,46095,401171,84908.0,Plumas,3.0,CD-3,22812,423983
2024-11-20,17:52:00,223644,177563,0.1148559222545967,-4.520469625461654e-05,46081,401207,48954.0,Plumas,3.0,CD-3,18813,420020
2024-11-21,18:41:00,223838,177750,0.1147643853900017,-9.153686459506538e-05,46088,401588,48688.0,Plumas,3.0,CD-3,18593,420181
2024-11-22,20:02:00,229747,185273,0.1071611006698472,-0.0076032847201544,44474,415020,26007.0,Plumas,3.0,CD-3,8194,423214
2024-11-23,17:53:00,229747,185273,0.1071611006698472,0.0,44474,415020,23922.0,Plumas,3.0,CD-3,6464,421484
2024-11-25,18:56:00,229753,185279,0.1071580022745234,-3.098395323836156e-06,44474,415032,23919.0,Plumas,0.0,CD-3,6461,421493
2024-11-26,19:14:00,230085,185508,0.1072611906360309,0.0001031883615075,44577,415593,23907.0,Plumas,0.0,CD-3,6451,422044
2024-11-27,21:08:00,233425,187513,0.1090706944965766,0.0018095038605457,45912,420938,11014.0,Plumas,0.0,CD-3,1359,422297
2024-11-29,18:55:00,233425,187513,0.1090706944965766,0.0,45912,420938,11014.0,Plumas,0.0,CD-3,1359,422297
2024-12-02,18:08:00,233721,187726,0.1091359055824338,6.521108585716417e-05,45995,421447,2381.0,Plumas,0.0,CD-3,708,422155
2024-12-03,23:53:00,234246,188067,0.1093478060111812,0.0002119004287474,46179,422313,0.0,Plumas,0.0,CD-3,0,422313
2024-12-04,20:15:00,234246,188067,0.1093478060111812,0.0,46179,422313,0.0,Plumas,0.0,CD-3,0,422313
2024-12-05,10:16:00,234246,188067,0.1093478060111812,0.0,46179,422313,0.0,Plumas,0.0,CD-3,0,422313
2024-11-05,23:46:00,113246,94852,0.0883910465261559,,18394,208098,,Sacramento,,CD-3,,
2024-11-06,08:10:00,148102,109302,0.1507358083013473,0.0623447617751913,38800,257404,,Sacramento,,CD-3,,
2024-11-06,17:25:00,148131,109327,0.1507197290431837,-1.6079258163576027e-05,38804,257458,,Sacramento,,CD-3,,
2024-11-07,17:37:00,148639,110087,0.1490070576594544,-0.0017126713837293,38552,258726,523355.0,Sacramento,360050.0,CD-3,141003,399729
2024-11-08,17:12:00,170208,130087,0.1336052881333355,-0.0154017695261188,40121,300295,391011.0,Sacramento,260062.0,CD-3,118230,418525
2024-11-09,17:44:00,170406,130143,0.1339648443348672,0.0003595562015316,40263,300549,391011.0,Sacramento,260062.0,CD-3,118230,418779
2024-11-10,19:32:00,170406,130143,0.1339648443348672,0.0,40263,300549,391011.0,Sacramento,260062.0,CD-3,118230,418779
2024-11-11,05:07:00,170406,130143,0.1339648443348672,0.0,40263,300549,391011.0,Sacramento,260062.0,CD-3,118230,418779
2024-11-12,08:08:00,170406,130143,0.1339648443348672,0.0,40263,300549,373345.0,Sacramento,260062.0,CD-3,104392,404941
2024-11-12,17:19:00,190629,148866,0.1230150664958246,-0.0109497778390425,41763,339495,337431.0,Sacramento,260062.0,CD-3,74583,414078
2024-11-13,10:32:00,190804,149113,0.1226505293939402,-0.0003645371018843,41691,339917,250971.0,Sacramento,174072.0,CD-3,67774,407691
2024-11-14,03:14:00,191836,149486,0.1240763853487322,0.0014258559547919,42350,341322,250971.0,Sacramento,174072.0,CD-3,67774,409096
2024-11-14,18:06:00,192267,149681,0.1245394036520172,0.0004630183032849,42586,341948,250987.0,Sacramento,174072.0,CD-3,67788,409736
2024-11-15,19:06:00,217908,171203,0.1200300171416382,-0.004509386510379,46705,389111,90073.0,Sacramento,60264.0,CD-3,27099,416210
2024-11-16,17:52:00,217908,171203,0.1200300171416382,0.0,46705,389111,92236.0,Sacramento,60264.0,CD-3,28894,418005
2024-11-18,09:30:00,217908,171203,0.1200300171416382,0.0,46705,389111,92236.0,Sacramento,60264.0,CD-3,28894,418005
2024-11-18,18:44:00,217908,171203,0.1200300171416382,0.0,46705,389111,92236.0,Sacramento,60264.0,CD-3,28894,418005
2024-11-19,18:03:00,223633,177538,0.1149011269508513,-0.0051288901907868,46095,401171,84908.0,Sacramento,60264.0,CD-3,22812,423983
2024-11-20,17:52:00,223644,177563,0.1148559222545967,-4.520469625461654e-05,46081,401207,48954.0,Sacramento,26050.0,CD-3,18813,420020
2024-11-21,18:41:00,223838,177750,0.1147643853900017,-9.153686459506538e-05,46088,401588,48688.0,Sacramento,26050.0,CD-3,18593,420181
2024-11-22,20:02:00,229747,185273,0.1071611006698472,-0.0076032847201544,44474,415020,26007.0,Sacramento,16050.0,CD-3,8194,423214
2024-11-23,17:53:00,229747,185273,0.1071611006698472,0.0,44474,415020,23922.0,Sacramento,16050.0,CD-3,6464,421484
2024-11-25,18:56:00,229753,185279,0.1071580022745234,-3.098395323836156e-06,44474,415032,23919.0,Sacramento,16050.0,CD-3,6461,421493
2024-11-26,19:14:00,230085,185508,0.1072611906360309,0.0001031883615075,44577,415593,23907.0,Sacramento,16050.0,CD-3,6451,422044
2024-11-27,21:08:00,233425,187513,0.1090706944965766,0.0018095038605457,45912,420938,11014.0,Sacramento,8624.0,CD-3,1359,422297
2024-11-29,18:55:00,233425,187513,0.1090706944965766,0.0,45912,420938,11014.0,Sacramento,8624.0,CD-3,1359,422297
2024-12-02,18:08:00,233721,187726,0.1091359055824338,6.521108585716417e-05,45995,421447,2381.0,Sacramento,0.0,CD-3,708,422155
2024-12-03,23:53:00,234246,188067,0.1093478060111812,0.0002119004287474,46179,422313,0.0,Sacramento,0.0,CD-3,0,422313
2024-12-04,20:15:00,234246,188067,0.1093478060111812,0.0,46179,422313,0.0,Sacramento,0.0,CD-3,0,422313
2024-12-05,10:16:00,234246,188067,0.1093478060111812,0.0,46179,422313,0.0,Sacramento,0.0,CD-3,0,422313
2024-11-05,23:46:00,113246,94852,0.0883910465261559,,18394,208098,,Sierra,,CD-3,,
2024-11-06,08:10:00,148102,109302,0.1507358083013473,0.0623447617751913,38800,257404,,Sierra,,CD-3,,
2024-11-06,17:25:00,148131,109327,0.1507197290431837,-1.6079258163576027e-05,38804,257458,,Sierra,,CD-3,,
2024-11-07,17:37:00,148639,110087,0.1490070576594544,-0.0017126713837293,38552,258726,523355.0,Sierra,0.0,CD-3,141003,399729
2024-11-08,17:12:00,170208,130087,0.1336052881333355,-0.0154017695261188,40121,300295,391011.0,Sierra,0.0,CD-3,118230,418525
2024-11-09,17:44:00,170406,130143,0.1339648443348672,0.0003595562015316,40263,300549,391011.0,Sierra,0.0,CD-3,118230,418779
2024-11-10,19:32:00,170406,130143,0.1339648443348672,0.0,40263,300549,391011.0,Sierra,0.0,CD-3,118230,418779
2024-11-11,05:07:00,170406,130143,0.1339648443348672,0.0,40263,300549,391011.0,Sierra,0.0,CD-3,118230,418779
2024-11-12,08:08:00,170406,130143,0.1339648443348672,0.0,40263,300549,373345.0,Sierra,0.0,CD-3,104392,404941
2024-11-12,17:19:00,190629,148866,0.1230150664958246,-0.0109497778390425,41763,339495,337431.0,Sierra,0.0,CD-3,74583,414078
2024-11-13,10:32:00,190804,149113,0.1226505293939402,-0.0003645371018843,41691,339917,250971.0,Sierra,0.0,CD-3,67774,407691
2024-11-14,03:14:00,191836,149486,0.1240763853487322,0.0014258559547919,42350,341322,250971.0,Sierra,0.0,CD-3,67774,409096
2024-11-14,18:06:00,192267,149681,0.1245394036520172,0.0004630183032849,42586,341948,250987.0,Sierra,0.0,CD-3,67788,409736
2024-11-15,19:06:00,217908,171203,0.1200300171416382,-0.004509386510379,46705,389111,90073.0,Sierra,0.0,CD-3,27099,416210
2024-11-16,17:52:00,217908,171203,0.1200300171416382,0.0,46705,389111,92236.0,Sierra,0.0,CD-3,28894,418005
2024-11-18,09:30:00,217908,171203,0.1200300171416382,0.0,46705,389111,92236.0,Sierra,0.0,CD-3,28894,418005
2024-11-18,18:44:00,217908,171203,0.1200300171416382,0.0,46705,389111,92236.0,Sierra,0.0,CD-3,28894,418005
2024-11-19,18:03:00,223633,177538,0.1149011269508513,-0.0051288901907868,46095,401171,84908.0,Sierra,0.0,CD-3,22812,423983
2024-11-20,17:52:00,223644,177563,0.1148559222545967,-4.520469625461654e-05,46081,401207,48954.0,Sierra,0.0,CD-3,18813,420020
2024-11-21,18:41:00,223838,177750,0.1147643853900017,-9.153686459506538e-05,46088,401588,48688.0,Sierra,0.0,CD-3,18593,420181
2024-11-22,20:02:00,229747,185273,0.1071611006698472,-0.0076032847201544,44474,415020,26007.0,Sierra,0.0,CD-3,8194,423214
2024-11-23,17:53:00,229747,185273,0.1071611006698472,0.0,44474,415020,23922.0,Sierra,0.0,CD-3,6464,421484
2024-11-25,18:56:00,229753,185279,0.1071580022745234,-3.098395323836156e-06,44474,415032,23919.0,Sierra,0.0,CD-3,6461,421493
2024-11-26,19:14:00,230085,185508,0.1072611906360309,0.0001031883615075,44577,415593,23907.0,Sierra,0.0,CD-3,6451,422044
2024-11-27,21:08:00,233425,187513,0.1090706944965766,0.0018095038605457,45912,420938,11014.0,Sierra,0.0,CD-3,1359,422297
2024-11-29,18:55:00,233425,187513,0.1090706944965766,0.0,45912,420938,11014.0,Sierra,0.0,CD-3,1359,422297
2024-12-02,18:08:00,233721,187726,0.1091359055824338,6.521108585716417e-05,45995,421447,2381.0,Sierra,0.0,CD-3,708,422155
2024-12-03,23:53:00,234246,188067,0.1093478060111812,0.0002119004287474,46179,422313,0.0,Sierra,0.0,CD-3,0,422313
2024-12-04,20:15:00,234246,188067,0.1093478060111812,0.0,46179,422313,0.0,Sierra,0.0,CD-3,0,422313
2024-12-05,10:16:00,234246,188067,0.1093478060111812,0.0,46179,422313,0.0,Sierra,0.0,CD-3,0,422313
2024-11-05,23:46:00,113246,94852,0.0883910465261559,,18394,208098,,Yuba,,CD-3,,
2024-11-06,08:10:00,148102,109302,0.1507358083013473,0.0623447617751913,38800,257404,,Yuba,,CD-3,,
2024-11-06,17:25:00,148131,109327,0.1507197290431837,-1.6079258163576027e-05,38804,257458,,Yuba,,CD-3,,
2024-11-07,17:37:00,148639,110087,0.1490070576594544,-0.0017126713837293,38552,258726,523355.0,Yuba,14220.0,CD-3,141003,399729
2024-11-08,17:12:00,170208,130087,0.1336052881333355,-0.0154017695261188,40121,300295,391011.0,Yuba,14220.0,CD-3,118230,418525
2024-11-09,17:44:00,170406,130143,0.1339648443348672,0.0003595562015316,40263,300549,391011.0,Yuba,14220.0,CD-3,118230,418779
2024-11-10,19:32:00,170406,130143,0.1339648443348672,0.0,40263,300549,391011.0,Yuba,14220.0,CD-3,118230,418779
2024-11-11,05:07:00,170406,130143,0.1339648443348672,0.0,40263,300549,391011.0,Yuba,14220.0,CD-3,118230,418779
2024-11-12,08:08:00,170406,130143,0.1339648443348672,0.0,40263,300549,373345.0,Yuba,12920.0,CD-3,104392,404941
2024-11-12,17:19:00,190629,148866,0.1230150664958246,-0.0109497778390425,41763,339495,337431.0,Yuba,12920.0,CD-3,74583,414078
2024-11-13,10:32:00,190804,149113,0.1226505293939402,-0.0003645371018843,41691,339917,250971.0,Yuba,12920.0,CD-3,67774,407691
2024-11-14,03:14:00,191836,149486,0.1240763853487322,0.0014258559547919,42350,341322,250971.0,Yuba,12920.0,CD-3,67774,409096
2024-11-14,18:06:00,192267,149681,0.1245394036520172,0.0004630183032849,42586,341948,250987.0,Yuba,12920.0,CD-3,67788,409736
2024-11-15,19:06:00,217908,171203,0.1200300171416382,-0.004509386510379,46705,389111,90073.0,Yuba,3035.0,CD-3,27099,416210
2024-11-16,17:52:00,217908,171203,0.1200300171416382,0.0,46705,389111,92236.0,Yuba,3035.0,CD-3,28894,418005
2024-11-18,09:30:00,217908,171203,0.1200300171416382,0.0,46705,389111,92236.0,Yuba,3035.0,CD-3,28894,418005
2024-11-18,18:44:00,217908,171203,0.1200300171416382,0.0,46705,389111,92236.0,Yuba,3035.0,CD-3,28894,418005
2024-11-19,18:03:00,223633,177538,0.1149011269508513,-0.0051288901907868,46095,401171,84908.0,Yuba,3035.0,CD-3,22812,423983
2024-11-20,17:52:00,223644,177563,0.1148559222545967,-4.520469625461654e-05,46081,401207,48954.0,Yuba,3035.0,CD-3,18813,420020
2024-11-21,18:41:00,223838,177750,0.1147643853900017,-9.153686459506538e-05,46088,401588,48688.0,Yuba,3035.0,CD-3,18593,420181
2024-11-22,20:02:00,229747,185273,0.1071611006698472,-0.0076032847201544,44474,415020,26007.0,Yuba,2000.0,CD-3,8194,423214
2024-11-23,17:53:00,229747,185273,0.1071611006698472,0.0,44474,415020,23922.0,Yuba,2000.0,CD-3,6464,421484
2024-11-25,18:56:00,229753,185279,0.1071580022745234,-3.098395323836156e-06,44474,415032,23919.0,Yuba,2000.0,CD-3,6461,421493
2024-11-26,19:14:00,230085,185508,0.1072611906360309,0.0001031883615075,44577,415593,23907.0,Yuba,2000.0,CD-3,6451,422044
2024-11-27,21:08:00,233425,187513,0.1090706944965766,0.0018095038605457,45912,420938,11014.0,Yuba,2000.0,CD-3,1359,422297
2024-11-29,18:55:00,233425,187513,0.1090706944965766,0.0,45912,420938,11014.0,Yuba,2000.0,CD-3,1359,422297
2024-12-02,18:08:00,233721,187726,0.1091359055824338,6.521108585716417e-05,45995,421447,2381.0,Yuba,2000.0,CD-3,708,422155
2024-12-03,23:53:00,234246,188067,0.1093478060111812,0.0002119004287474,46179,422313,0.0,Yuba,0.0,CD-3,0,422313
2024-12-04,20:15:00,234246,188067,0.1093478060111812,0.0,46179,422313,0.0,Yuba,0.0,CD-3,0,422313
2024-12-05,10:16:00,234246,188067,0.1093478060111812,0.0,46179,422313,0.0,Yuba,0.0,CD-3,0,422313
2024-11-05,23:46:00,57675,62773,0.0423253188097768,,5098,120448,,Contra Costa,,CD-9,,
2024-11-06,08:10:00,72107,74156,0.0140090111648195,-0.0283163076449573,2049,146263,,Contra Costa,,CD-9,,
2024-11-06,17:25:00,72107,74156,0.0140090111648195,0.0,2049,146263,,Contra Costa,,CD-9,,
2024-11-07,17:37:00,72150,74163,0.0137581759652252,-0.0002508351995943,2013,146313,370301.0,Contra Costa,191700.0,CD-9,93016,239329
2024-11-08,17:12:00,72783,74730,0.0131988367126965,-0.0005593392525287,1947,147513,262801.0,Contra Costa,84200.0,CD-9,90709,238222
2024-11-09,17:44:00,81504,85528,0.0240911921069016,0.0108923553942051,4024,167032,262801.0,Contra Costa,84200.0,CD-9,90709,257741
2024-11-10,19:32:00,81504,85528,0.0240911921069016,0.0,4024,167032,262801.0,Contra Costa,84200.0,CD-9,90709,257741
2024-11-11,17:07:00,81504,85528,0.0240911921069016,0.0,4024,167032,208361.0,Contra Costa,84200.0,CD-9,46546,213578
2024-11-12,08:08:00,93522,100646,0.0366898768077129,0.0125986847008112,7124,194168,208361.0,Contra Costa,84200.0,CD-9,46546,240714
2024-11-12,17:19:00,93574,100665,0.0365065718007197,-0.0001833050069931,7091,194239,208271.0,Contra Costa,84200.0,CD-9,46545,240784
2024-11-13,10:32:00,93574,100665,0.0365065718007197,0.0,7091,194239,192854.0,Contra Costa,84200.0,CD-9,46406,240645
2024-11-14,03:14:00,108946,117071,0.035948623333643,-0.0005579484670766,8125,226017,93244.0,Contra Costa,15150.0,CD-9,20133,246150
2024-11-14,18:06:00,108991,117090,0.0358234438099619,-0.0001251795236811,8099,226081,93244.0,Contra Costa,15150.0,CD-9,20133,246214
2024-11-15,19:08:00,114580,123553,0.0376806238530569,0.0018571800430949,8973,238133,70906.0,Contra Costa,14600.0,CD-9,19924,258057
2024-11-16,17:52:00,114580,123553,0.0376806238530569,0.0,8973,238133,58178.0,Contra Costa,14600.0,CD-9,9598,247731
2024-11-18,09:30:00,114580,123553,0.0376806238530569,0.0,8973,238133,58178.0,Contra Costa,14600.0,CD-9,9598,247731
2024-11-18,18:44:00,114684,123656,0.0376437022740622,-3.6921578994639215e-05,8972,238340,58178.0,Contra Costa,14600.0,CD-9,9598,247938
2024-11-19,18:03:00,114790,123678,0.0372712481339215,-0.0003724541401407,8888,238468,57962.0,Contra Costa,14600.0,CD-9,9423,247891
2024-11-20,17:52:00,115312,124329,0.0376271172295224,0.0003558690956009,9017,239641,30421.0,Contra Costa,14600.0,CD-9,9174,248815
2024-11-21,18:41:00,115317,124332,0.0376175156165892,-9.60161293322992e-06,9015,239649,28210.0,Contra Costa,14600.0,CD-9,8270,247919
2024-11-22,20:02:00,115952,124885,0.0370914768079655,-0.0005260388086237,8933,240837,18610.0,Contra Costa,5000.0,CD-9,8064,248901
2024-11-23,17:53:00,115952,124885,0.0370914768079655,0.0,8933,240837,17949.0,Contra Costa,5000.0,CD-9,7528,248365
2024-11-25,18:56:00,116929,125773,0.0364397491574029,-0.0006517276505626,8844,242702,17949.0,Contra Costa,5000.0,CD-9,7528,250230
2024-11-26,19:14:00,116934,125773,0.0364183974916257,-2.135166577720005e-05,8839,242707,15093.0,Contra Costa,5000.0,CD-9,5211,247918
2024-11-27,21:09:00,119126,127678,0.0346509781040825,-0.0017674193875431,8552,246804,6444.0,Contra Costa,0.0,CD-9,5070,251874
2024-11-29,18:55:00,119782,128493,0.0350860940489376,0.000435115944855,8711,248275,2507.0,Contra Costa,0.0,CD-9,1877,250152
2024-12-02,18:08:00,121171,130182,0.0358499799087339,0.0007638858597962,9011,251353,196.0,Contra Costa,0.0,CD-9,2,251355
2024-12-03,23:53:00,121174,130183,0.0358414525953126,-8.52731342129015e-06,9009,251357,0.0,Contra Costa,0.0,CD-9,0,251357
2024-12-04,20:15:00,121174,130183,0.0358414525953126,0.0,9009,251357,0.0,Contra Costa,0.0,CD-9,0,251357
2024-12-05,10:16:00,121174,130183,0.0358414525953126,0.0,9009,251357,0.0,Contra Costa,0.0,CD-9,0,251357
2024-11-05,23:46:00,57675,62773,0.0423253188097768,,5098,120448,,San Joaquin,,CD-9,,
2024-11-06,08:10:00,72107,74156,0.0140090111648195,-0.0283163076449573,2049,146263,,San Joaquin,,CD-9,,
2024-11-06,17:25:00,72107,74156,0.0140090111648195,0.0,2049,146263,,San Joaquin,,CD-9,,
2024-11-07,17:37:00,72150,74163,0.0137581759652252,-0.0002508351995943,2013,146313,370301.0,San Joaquin,108811.0,CD-9,93016,239329
2024-11-08,17:12:00,72783,74730,0.0131988367126965,-0.0005593392525287,1947,147513,262801.0,San Joaquin,108811.0,CD-9,90709,238222
2024-11-09,17:44:00,81504,85528,0.0240911921069016,0.0108923553942051,4024,167032,262801.0,San Joaquin,108811.0,CD-9,90709,257741
2024-11-10,19:32:00,81504,85528,0.0240911921069016,0.0,4024,167032,262801.0,San Joaquin,108811.0,CD-9,90709,257741
2024-11-11,17:07:00,81504,85528,0.0240911921069016,0.0,4024,167032,208361.0,San Joaquin,54371.0,CD-9,46546,213578
2024-11-12,08:08:00,93522,100646,0.0366898768077129,0.0125986847008112,7124,194168,208361.0,San Joaquin,54371.0,CD-9,46546,240714
2024-11-12,17:19:00,93574,100665,0.0365065718007197,-0.0001833050069931,7091,194239,208271.0,San Joaquin,54371.0,CD-9,46545,240784
2024-11-13,10:32:00,93574,100665,0.0365065718007197,0.0,7091,194239,192854.0,San Joaquin,54371.0,CD-9,46406,240645
2024-11-14,03:14:00,108946,117071,0.035948623333643,-0.0005579484670766,8125,226017,93244.0,San Joaquin,23811.0,CD-9,20133,246150
2024-11-14,18:06:00,108991,117090,0.0358234438099619,-0.0001251795236811,8099,226081,93244.0,San Joaquin,23811.0,CD-9,20133,246214
2024-11-15,19:08:00,114580,123553,0.0376806238530569,0.0018571800430949,8973,238133,70906.0,San Joaquin,23811.0,CD-9,19924,258057
2024-11-16,17:52:00,114580,123553,0.0376806238530569,0.0,8973,238133,58178.0,San Joaquin,11083.0,CD-9,9598,247731
2024-11-18,09:30:00,114580,123553,0.0376806238530569,0.0,8973,238133,58178.0,San Joaquin,11083.0,CD-9,9598,247731
2024-11-18,18:44:00,114684,123656,0.0376437022740622,-3.6921578994639215e-05,8972,238340,58178.0,San Joaquin,11083.0,CD-9,9598,247938
2024-11-19,18:03:00,114790,123678,0.0372712481339215,-0.0003724541401407,8888,238468,57962.0,San Joaquin,10867.0,CD-9,9423,247891
2024-11-20,17:52:00,115312,124329,0.0376271172295224,0.0003558690956009,9017,239641,30421.0,San Joaquin,10867.0,CD-9,9174,248815
2024-11-21,18:41:00,115317,124332,0.0376175156165892,-9.60161293322992e-06,9015,239649,28210.0,San Joaquin,9765.0,CD-9,8270,247919
2024-11-22,20:02:00,115952,124885,0.0370914768079655,-0.0005260388086237,8933,240837,18610.0,San Joaquin,9765.0,CD-9,8064,248901
2024-11-23,17:53:00,115952,124885,0.0370914768079655,0.0,8933,240837,17949.0,San Joaquin,9104.0,CD-9,7528,248365
2024-11-25,18:56:00,116929,125773,0.0364397491574029,-0.0006517276505626,8844,242702,17949.0,San Joaquin,9104.0,CD-9,7528,250230
2024-11-26,19:14:00,116934,125773,0.0364183974916257,-2.135166577720005e-05,8839,242707,15093.0,San Joaquin,6248.0,CD-9,5211,247918
2024-11-27,21:09:00,119126,127678,0.0346509781040825,-0.0017674193875431,8552,246804,6444.0,San Joaquin,6248.0,CD-9,5070,251874
2024-11-29,18:55:00,119782,128493,0.0350860940489376,0.000435115944855,8711,248275,2507.0,San Joaquin,2311.0,CD-9,1877,250152
2024-12-02,18:08:00,121171,130182,0.0358499799087339,0.0007638858597962,9011,251353,196.0,San Joaquin,0.0,CD-9,2,251355
2024-12-03,23:53:00,121174,130183,0.0358414525953126,-8.52731342129015e-06,9009,251357,0.0,San Joaquin,0.0,CD-9,0,251357
2024-12-04,20:15:00,121174,130183,0.0358414525953126,0.0,9009,251357,0.0,San Joaquin,0.0,CD-9,0,251357
2024-12-05,10:16:00,121174,130183,0.0358414525953126,0.0,9009,251357,0.0,San Joaquin,0.0,CD-9,0,251357
2024-11-05,23:46:00,57675,62773,0.0423253188097768,,5098,120448,,Stanislaus,,CD-9,,
2024-11-06,08:10:00,72107,74156,0.0140090111648195,-0.0283163076449573,2049,146263,,Stanislaus,,CD-9,,
2024-11-06,17:25:00,72107,74156,0.0140090111648195,0.0,2049,146263,,Stanislaus,,CD-9,,
2024-11-07,17:37:00,72150,74163,0.0137581759652252,-0.0002508351995943,2013,146313,370301.0,Stanislaus,69790.0,CD-9,93016,239329
2024-11-08,17:12:00,72783,74730,0.0131988367126965,-0.0005593392525287,1947,147513,262801.0,Stanislaus,69790.0,CD-9,90709,238222
2024-11-09,17:44:00,81504,85528,0.0240911921069016,0.0108923553942051,4024,167032,262801.0,Stanislaus,69790.0,CD-9,90709,257741
2024-11-10,19:32:00,81504,85528,0.0240911921069016,0.0,4024,167032,262801.0,Stanislaus,69790.0,CD-9,90709,257741
2024-11-11,17:07:00,81504,85528,0.0240911921069016,0.0,4024,167032,208361.0,Stanislaus,69790.0,CD-9,46546,213578
2024-11-12,08:08:00,93522,100646,0.0366898768077129,0.0125986847008112,7124,194168,208361.0,Stanislaus,69790.0,CD-9,46546,240714
2024-11-12,17:19:00,93574,100665,0.0365065718007197,-0.0001833050069931,7091,194239,208271.0,Stanislaus,69700.0,CD-9,46545,240784
2024-11-13,10:32:00,93574,100665,0.0365065718007197,0.0,7091,194239,192854.0,Stanislaus,54283.0,CD-9,46406,240645
2024-11-14,03:14:00,108946,117071,0.035948623333643,-0.0005579484670766,8125,226017,93244.0,Stanislaus,54283.0,CD-9,20133,246150
2024-11-14,18:06:00,108991,117090,0.0358234438099619,-0.0001251795236811,8099,226081,93244.0,Stanislaus,54283.0,CD-9,20133,246214
2024-11-15,19:08:00,114580,123553,0.0376806238530569,0.0018571800430949,8973,238133,70906.0,Stanislaus,32495.0,CD-9,19924,258057
2024-11-16,17:52:00,114580,123553,0.0376806238530569,0.0,8973,238133,58178.0,Stanislaus,32495.0,CD-9,9598,247731
2024-11-18,09:30:00,114580,123553,0.0376806238530569,0.0,8973,238133,58178.0,Stanislaus,32495.0,CD-9,9598,247731
2024-11-18,18:44:00,114684,123656,0.0376437022740622,-3.6921578994639215e-05,8972,238340,58178.0,Stanislaus,32495.0,CD-9,9598,247938
2024-11-19,18:03:00,114790,123678,0.0372712481339215,-0.0003724541401407,8888,238468,57962.0,Stanislaus,32495.0,CD-9,9423,247891
2024-11-20,17:52:00,115312,124329,0.0376271172295224,0.0003558690956009,9017,239641,30421.0,Stanislaus,4954.0,CD-9,9174,248815
2024-11-21,18:41:00,115317,124332,0.0376175156165892,-9.60161293322992e-06,9015,239649,28210.0,Stanislaus,3845.0,CD-9,8270,247919
2024-11-22,20:02:00,115952,124885,0.0370914768079655,-0.0005260388086237,8933,240837,18610.0,Stanislaus,3845.0,CD-9,8064,248901
2024-11-23,17:53:00,115952,124885,0.0370914768079655,0.0,8933,240837,17949.0,Stanislaus,3845.0,CD-9,7528,248365
2024-11-25,18:56:00,116929,125773,0.0364397491574029,-0.0006517276505626,8844,242702,17949.0,Stanislaus,3845.0,CD-9,7528,250230
2024-11-26,19:14:00,116934,125773,0.0364183974916257,-2.135166577720005e-05,8839,242707,15093.0,Stanislaus,3845.0,CD-9,5211,247918
2024-11-27,21:09:00,119126,127678,0.0346509781040825,-0.0017674193875431,8552,246804,6444.0,Stanislaus,196.0,CD-9,5070,251874
2024-11-29,18:55:00,119782,128493,0.0350860940489376,0.000435115944855,8711,248275,2507.0,Stanislaus,196.0,CD-9,1877,250152
2024-12-02,18:08:00,121171,130182,0.0358499799087339,0.0007638858597962,9011,251353,196.0,Stanislaus,196.0,CD-9,2,251355
2024-12-03,23:53:00,121174,130183,0.0358414525953126,-8.52731342129015e-06,9009,251357,0.0,Stanislaus,0.0,CD-9,0,251357
2024-12-04,20:15:00,121174,130183,0.0358414525953126,0.0,9009,251357,0.0,Stanislaus,0.0,CD-9,0,251357
2024-12-05,10:16:00,121174,130183,0.0358414525953126,0.0,9009,251357,0.0,Stanislaus,0.0,CD-9,0,251357
2024-11-05,23:46:00,43034,44029,0.0114285057946544,,995,87063,,Fresno,,CD-13,,
2024-11-06,08:10:00,56785,53596,0.0288908417209483,0.0174623359262939,3189,110381,,Fresno,,CD-13,,
2024-11-06,17:25:00,56785,53596,0.0288908417209483,0.0,3189,110381,,Fresno,,CD-13,,
2024-11-07,17:37:00,58792,55625,0.0276794532281042,-0.0012113884928441,3167,114417,344445.0,Fresno,100894.0,CD-13,91928,206345
2024-11-08,17:12:00,66147,62631,0.0273028001677305,-0.0003766530603737,3516,128778,328695.0,Fresno,100894.0,CD-13,80028,208806
2024-11-09,17:44:00,66675,63414,0.025067453820077,-0.0022353463476534,3261,130089,328695.0,Fresno,100894.0,CD-13,80028,210117
2024-11-10,19:32:00,66675,63414,0.025067453820077,0.0,3261,130089,328695.0,Fresno,100894.0,CD-13,80028,210117
2024-11-11,17:07:00,66675,63414,0.025067453820077,0.0,3261,130089,274255.0,Fresno,100894.0,CD-13,76203,206292
2024-11-12,08:08:00,67384,64408,0.0225810367852373,-0.0024864170348396,2976,131792,272811.0,Fresno,99450.0,CD-13,76082,207874
2024-11-12,17:19:00,76685,73563,0.0207789787551248,-0.0018020580301124,3122,150248,222561.0,Fresno,49200.0,CD-13,71896,222144
2024-11-13,10:32:00,76685,73563,0.0207789787551248,0.0,3122,150248,197604.0,Fresno,49200.0,CD-13,58526,208774
2024-11-14,03:14:00,80392,76627,0.0239779899247861,0.0031990111696613,3765,157019,188614.0,Fresno,49200.0,CD-13,52519,209538
2024-11-14,18:06:00,89315,87551,0.0099736523695905,-0.0140043375551956,1764,176866,145354.0,Fresno,49200.0,CD-13,39830,216696
2024-11-15,19:06:00,89990,88068,0.0107942355861573,0.0008205832165667,1922,178058,73828.0,Fresno,13200.0,CD-13,27497,205555
2024-11-16,17:52:00,89990,88068,0.0107942355861573,0.0,1922,178058,73828.0,Fresno,13200.0,CD-13,27497,205555
2024-11-18,09:30:00,90906,88902,0.0111452215696743,0.0003509859835169,2004,179808,73828.0,Fresno,13200.0,CD-13,27497,207305
2024-11-18,18:44:00,91581,89300,0.0126105008265102,0.0014652792568359,2281,180881,67767.0,Fresno,7139.0,CD-13,26992,207873
2024-11-19,18:03:00,100885,100658,0.0011263105143815,-0.0114841903121287,227,201543,54344.0,Fresno,7100.0,CD-13,16044,217587
2024-11-20,17:52:00,101217,100866,0.0017369100815011,0.0006105995671196,351,202083,26163.0,Fresno,7100.0,CD-13,5802,207885
2024-11-21,18:41:00,101806,101612,0.0009537012457108,-0.0007832088357903,194,203418,23701.0,Fresno,7139.0,CD-13,5092,208510
2024-11-22,20:02:00,102154,101951,0.0009945861198892,4.0884874178470426e-05,203,204105,22181.0,Fresno,5632.0,CD-13,4965,209070
2024-11-23,17:53:00,102550,102346,0.0009956270498203,1.0409299311239708e-06,204,204896,21520.0,Fresno,5632.0,CD-13,4919,209815
2024-11-25,18:56:00,102653,102446,0.0010092686946303,1.3641644810001184e-05,207,205099,21060.0,Fresno,5632.0,CD-13,4537,209636
2024-11-26,17:05:00,103685,103790,0.0005060850704904,-0.0005031836241399,105,207475,15725.0,Fresno,5632.0,CD-13,2278,209753
2024-11-26,19:14:00,104321,104503,0.0008715473317243,0.0003654622612339,182,208824,15725.0,Fresno,5632.0,CD-13,2278,211102
2024-11-27,21:09:00,104801,104991,0.000905658938377,3.4111606652736264e-05,190,209792,12076.0,Fresno,5632.0,CD-13,978,210770
2024-11-29,18:55:00,104856,105083,0.0010812664631154,0.0001756075247384,227,209939,3107.0,Fresno,600.0,CD-13,282,210221
2024-12-02,18:09:00,105188,105331,0.0006792736047577,-0.0004019928583577,143,210519,796.0,Fresno,600.0,CD-13,120,210639
2024-12-03,23:53:00,105367,105554,0.0008865878693918,0.000207314264634,187,210921,0.0,Fresno,0.0,CD-13,0,210921
2024-12-04,20:15:00,105367,105554,0.0008865878693918,0.0,187,210921,0.0,Fresno,0.0,CD-13,0,210921
2024-12-05,10:16:00,105367,105554,0.0008865878693918,0.0,187,210921,0.0,Fresno,0.0,CD-13,0,210921
2024-11-05,23:46:00,43034,44029,0.0114285057946544,,995,87063,,Madera,,CD-13,,
2024-11-06,08:10:00,56785,53596,0.0288908417209483,0.0174623359262939,3189,110381,,Madera,,CD-13,,
2024-11-06,17:25:00,56785,53596,0.0288908417209483,0.0,3189,110381,,Madera,,CD-13,,
2024-11-07,17:37:00,58792,55625,0.0276794532281042,-0.0012113884928441,3167,114417,344445.0,Madera,17950.0,CD-13,91928,206345
2024-11-08,17:12:00,66147,62631,0.0273028001677305,-0.0003766530603737,3516,128778,328695.0,Madera,10700.0,CD-13,80028,208806
2024-11-09,17:44:00,66675,63414,0.025067453820077,-0.0022353463476534,3261,130089,328695.0,Madera,10700.0,CD-13,80028,210117
2024-11-10,19:32:00,66675,63414,0.025067453820077,0.0,3261,130089,328695.0,Madera,10700.0,CD-13,80028,210117
2024-11-11,17:07:00,66675,63414,0.025067453820077,0.0,3261,130089,274255.0,Madera,10700.0,CD-13,76203,206292
2024-11-12,08:08:00,67384,64408,0.0225810367852373,-0.0024864170348396,2976,131792,272811.0,Madera,10700.0,CD-13,76082,207874
2024-11-12,17:19:00,76685,73563,0.0207789787551248,-0.0018020580301124,3122,150248,222561.0,Madera,10700.0,CD-13,71896,222144
2024-11-13,10:32:00,76685,73563,0.0207789787551248,0.0,3122,150248,197604.0,Madera,10700.0,CD-13,58526,208774
2024-11-14,03:14:00,80392,76627,0.0239779899247861,0.0031990111696613,3765,157019,188614.0,Madera,1710.0,CD-13,52519,209538
2024-11-14,18:06:00,89315,87551,0.0099736523695905,-0.0140043375551956,1764,176866,145354.0,Madera,1710.0,CD-13,39830,216696
2024-11-15,19:06:00,89990,88068,0.0107942355861573,0.0008205832165667,1922,178058,73828.0,Madera,700.0,CD-13,27497,205555
2024-11-16,17:52:00,89990,88068,0.0107942355861573,0.0,1922,178058,73828.0,Madera,700.0,CD-13,27497,205555
2024-11-18,09:30:00,90906,88902,0.0111452215696743,0.0003509859835169,2004,179808,73828.0,Madera,700.0,CD-13,27497,207305
2024-11-18,18:44:00,91581,89300,0.0126105008265102,0.0014652792568359,2281,180881,67767.0,Madera,700.0,CD-13,26992,207873
2024-11-19,18:03:00,100885,100658,0.0011263105143815,-0.0114841903121287,227,201543,54344.0,Madera,700.0,CD-13,16044,217587
2024-11-20,17:52:00,101217,100866,0.0017369100815011,0.0006105995671196,351,202083,26163.0,Madera,60.0,CD-13,5802,207885
2024-11-21,18:41:00,101806,101612,0.0009537012457108,-0.0007832088357903,194,203418,23701.0,Madera,60.0,CD-13,5092,208510
2024-11-22,20:02:00,102154,101951,0.0009945861198892,4.0884874178470426e-05,203,204105,22181.0,Madera,0.0,CD-13,4965,209070
2024-11-23,17:53:00,102550,102346,0.0009956270498203,1.0409299311239708e-06,204,204896,21520.0,Madera,0.0,CD-13,4919,209815
2024-11-25,18:56:00,102653,102446,0.0010092686946303,1.3641644810001184e-05,207,205099,21060.0,Madera,0.0,CD-13,4537,209636
2024-11-26,17:05:00,103685,103790,0.0005060850704904,-0.0005031836241399,105,207475,15725.0,Madera,0.0,CD-13,2278,209753
2024-11-26,19:14:00,104321,104503,0.0008715473317243,0.0003654622612339,182,208824,15725.0,Madera,0.0,CD-13,2278,211102
2024-11-27,21:09:00,104801,104991,0.000905658938377,3.4111606652736264e-05,190,209792,12076.0,Madera,0.0,CD-13,978,210770
2024-11-29,18:55:00,104856,105083,0.0010812664631154,0.0001756075247384,227,209939,3107.0,Madera,0.0,CD-13,282,210221
2024-12-02,18:09:00,105188,105331,0.0006792736047577,-0.0004019928583577,143,210519,796.0,Madera,0.0,CD-13,120,210639
2024-12-03,23:53:00,105367,105554,0.0008865878693918,0.000207314264634,187,210921,0.0,Madera,0.0,CD-13,0,210921
2024-12-04,20:15:00,105367,105554,0.0008865878693918,0.0,187,210921,0.0,Madera,0.0,CD-13,0,210921
2024-12-05,10:16:00,105367,105554,0.0008865878693918,0.0,187,210921,0.0,Madera,0.0,CD-13,0,210921
2024-11-05,23:46:00,43034,44029,0.0114285057946544,,995,87063,,Merced,,CD-13,,
2024-11-06,08:10:00,56785,53596,0.0288908417209483,0.0174623359262939,3189,110381,,Merced,,CD-13,,
2024-11-06,17:25:00,56785,53596,0.0288908417209483,0.0,3189,110381,,Merced,,CD-13,,
2024-11-07,17:37:00,58792,55625,0.0276794532281042,-0.0012113884928441,3167,114417,344445.0,Merced,47000.0,CD-13,91928,206345
2024-11-08,17:12:00,66147,62631,0.0273028001677305,-0.0003766530603737,3516,128778,328695.0,Merced,38500.0,CD-13,80028,208806
2024-11-09,17:44:00,66675,63414,0.025067453820077,-0.0022353463476534,3261,130089,328695.0,Merced,38500.0,CD-13,80028,210117
2024-11-10,19:32:00,66675,63414,0.025067453820077,0.0,3261,130089,328695.0,Merced,38500.0,CD-13,80028,210117
2024-11-11,17:07:00,66675,63414,0.025067453820077,0.0,3261,130089,274255.0,Merced,38500.0,CD-13,76203,206292
2024-11-12,08:08:00,67384,64408,0.0225810367852373,-0.0024864170348396,2976,131792,272811.0,Merced,38500.0,CD-13,76082,207874
2024-11-12,17:19:00,76685,73563,0.0207789787551248,-0.0018020580301124,3122,150248,222561.0,Merced,38500.0,CD-13,71896,222144
2024-11-13,10:32:00,76685,73563,0.0207789787551248,0.0,3122,150248,197604.0,Merced,29050.0,CD-13,58526,208774
2024-11-14,03:14:00,80392,76627,0.0239779899247861,0.0031990111696613,3765,157019,188614.0,Merced,29050.0,CD-13,52519,209538
2024-11-14,18:06:00,89315,87551,0.0099736523695905,-0.0140043375551956,1764,176866,145354.0,Merced,16350.0,CD-13,39830,216696
2024-11-15,19:06:00,89990,88068,0.0107942355861573,0.0008205832165667,1922,178058,73828.0,Merced,16350.0,CD-13,27497,205555
2024-11-16,17:52:00,89990,88068,0.0107942355861573,0.0,1922,178058,73828.0,Merced,16350.0,CD-13,27497,205555
2024-11-18,09:30:00,90906,88902,0.0111452215696743,0.0003509859835169,2004,179808,73828.0,Merced,16350.0,CD-13,27497,207305
2024-11-18,18:44:00,91581,89300,0.0126105008265102,0.0014652792568359,2281,180881,67767.0,Merced,16350.0,CD-13,26992,207873
2024-11-19,18:03:00,100885,100658,0.0011263105143815,-0.0114841903121287,227,201543,54344.0,Merced,3182.0,CD-13,16044,217587
2024-11-20,17:52:00,101217,100866,0.0017369100815011,0.0006105995671196,351,202083,26163.0,Merced,3182.0,CD-13,5802,207885
2024-11-21,18:41:00,101806,101612,0.0009537012457108,-0.0007832088357903,194,203418,23701.0,Merced,2892.0,CD-13,5092,208510
2024-11-22,20:02:00,102154,101951,0.0009945861198892,4.0884874178470426e-05,203,204105,22181.0,Merced,2939.0,CD-13,4965,209070
2024-11-23,17:53:00,102550,102346,0.0009956270498203,1.0409299311239708e-06,204,204896,21520.0,Merced,2939.0,CD-13,4919,209815
2024-11-25,18:56:00,102653,102446,0.0010092686946303,1.3641644810001184e-05,207,205099,21060.0,Merced,2479.0,CD-13,4537,209636
2024-11-26,17:05:00,103685,103790,0.0005060850704904,-0.0005031836241399,105,207475,15725.0,Merced,0.0,CD-13,2278,209753
2024-11-26,19:14:00,104321,104503,0.0008715473317243,0.0003654622612339,182,208824,15725.0,Merced,0.0,CD-13,2278,211102
2024-11-27,21:09:00,104801,104991,0.000905658938377,3.4111606652736264e-05,190,209792,12076.0,Merced,0.0,CD-13,978,210770
2024-11-29,18:55:00,104856,105083,0.0010812664631154,0.0001756075247384,227,209939,3107.0,Merced,0.0,CD-13,282,210221
2024-12-02,18:09:00,105188,105331,0.0006792736047577,-0.0004019928583577,143,210519,796.0,Merced,0.0,CD-13,120,210639
2024-12-03,23:53:00,105367,105554,0.0008865878693918,0.000207314264634,187,210921,0.0,Merced,0.0,CD-13,0,210921
2024-12-04,20:15:00,105367,105554,0.0008865878693918,0.0,187,210921,0.0,Merced,0.0,CD-13,0,210921
2024-12-05,10:16:00,105367,105554,0.0008865878693918,0.0,187,210921,0.0,Merced,0.0,CD-13,0,210921
2024-11-05,23:46:00,43034,44029,0.0114285057946544,,995,87063,,San Joaquin,,CD-13,,
2024-11-06,08:10:00,56785,53596,0.0288908417209483,0.0174623359262939,3189,110381,,San Joaquin,,CD-13,,
2024-11-06,17:25:00,56785,53596,0.0288908417209483,0.0,3189,110381,,San Joaquin,,CD-13,,
2024-11-07,17:37:00,58792,55625,0.0276794532281042,-0.0012113884928441,3167,114417,344445.0,San Joaquin,108811.0,CD-13,91928,206345
2024-11-08,17:12:00,66147,62631,0.0273028001677305,-0.0003766530603737,3516,128778,328695.0,San Joaquin,108811.0,CD-13,80028,208806
2024-11-09,17:44:00,66675,63414,0.025067453820077,-0.0022353463476534,3261,130089,328695.0,San Joaquin,108811.0,CD-13,80028,210117
2024-11-10,19:32:00,66675,63414,0.025067453820077,0.0,3261,130089,328695.0,San Joaquin,108811.0,CD-13,80028,210117
2024-11-11,17:07:00,66675,63414,0.025067453820077,0.0,3261,130089,274255.0,San Joaquin,54371.0,CD-13,76203,206292
2024-11-12,08:08:00,67384,64408,0.0225810367852373,-0.0024864170348396,2976,131792,272811.0,San Joaquin,54371.0,CD-13,76082,207874
2024-11-12,17:19:00,76685,73563,0.0207789787551248,-0.0018020580301124,3122,150248,222561.0,San Joaquin,54371.0,CD-13,71896,222144
2024-11-13,10:32:00,76685,73563,0.0207789787551248,0.0,3122,150248,197604.0,San Joaquin,54371.0,CD-13,58526,208774
2024-11-14,03:14:00,80392,76627,0.0239779899247861,0.0031990111696613,3765,157019,188614.0,San Joaquin,54371.0,CD-13,52519,209538
2024-11-14,18:06:00,89315,87551,0.0099736523695905,-0.0140043375551956,1764,176866,145354.0,San Joaquin,23811.0,CD-13,39830,216696
2024-11-15,19:06:00,89990,88068,0.0107942355861573,0.0008205832165667,1922,178058,73828.0,San Joaquin,11083.0,CD-13,27497,205555
2024-11-16,17:52:00,89990,88068,0.0107942355861573,0.0,1922,178058,73828.0,San Joaquin,11083.0,CD-13,27497,205555
2024-11-18,09:30:00,90906,88902,0.0111452215696743,0.0003509859835169,2004,179808,73828.0,San Joaquin,11083.0,CD-13,27497,207305
2024-11-18,18:44:00,91581,89300,0.0126105008265102,0.0014652792568359,2281,180881,67767.0,San Joaquin,11083.0,CD-13,26992,207873
2024-11-19,18:03:00,100885,100658,0.0011263105143815,-0.0114841903121287,227,201543,54344.0,San Joaquin,10867.0,CD-13,16044,217587
2024-11-20,17:52:00,101217,100866,0.0017369100815011,0.0006105995671196,351,202083,26163.0,San Joaquin,10867.0,CD-13,5802,207885
2024-11-21,18:41:00,101806,101612,0.0009537012457108,-0.0007832088357903,194,203418,23701.0,San Joaquin,9765.0,CD-13,5092,208510
2024-11-22,20:02:00,102154,101951,0.0009945861198892,4.0884874178470426e-05,203,204105,22181.0,San Joaquin,9765.0,CD-13,4965,209070
2024-11-23,17:53:00,102550,102346,0.0009956270498203,1.0409299311239708e-06,204,204896,21520.0,San Joaquin,9104.0,CD-13,4919,209815
2024-11-25,18:56:00,102653,102446,0.0010092686946303,1.3641644810001184e-05,207,205099,21060.0,San Joaquin,9104.0,CD-13,4537,209636
2024-11-26,17:05:00,103685,103790,0.0005060850704904,-0.0005031836241399,105,207475,15725.0,San Joaquin,6248.0,CD-13,2278,209753
2024-11-26,19:14:00,104321,104503,0.0008715473317243,0.0003654622612339,182,208824,15725.0,San Joaquin,6248.0,CD-13,2278,211102
2024-11-27,21:09:00,104801,104991,0.000905658938377,3.4111606652736264e-05,190,209792,12076.0,San Joaquin,6248.0,CD-13,978,210770
2024-11-29,18:55:00,104856,105083,0.0010812664631154,0.0001756075247384,227,209939,3107.0,San Joaquin,2311.0,CD-13,282,210221
2024-12-02,18:09:00,105188,105331,0.0006792736047577,-0.0004019928583577,143,210519,796.0,San Joaquin,0.0,CD-13,120,210639
2024-12-03,23:53:00,105367,105554,0.0008865878693918,0.000207314264634,187,210921,0.0,San Joaquin,0.0,CD-13,0,210921
2024-12-04,20:15:00,105367,105554,0.0008865878693918,0.0,187,210921,0.0,San Joaquin,0.0,CD-13,0,210921
2024-12-05,10:16:00,105367,105554,0.0008865878693918,0.0,187,210921,0.0,San Joaquin,0.0,CD-13,0,210921
2024-11-05,23:46:00,43034,44029,0.0114285057946544,,995,87063,,Stanislaus,,CD-13,,
2024-11-06,08:10:00,56785,53596,0.0288908417209483,0.0174623359262939,3189,110381,,Stanislaus,,CD-13,,
2024-11-06,17:25:00,56785,53596,0.0288908417209483,0.0,3189,110381,,Stanislaus,,CD-13,,
2024-11-07,17:37:00,58792,55625,0.0276794532281042,-0.0012113884928441,3167,114417,344445.0,Stanislaus,69790.0,CD-13,91928,206345
2024-11-08,17:12:00,66147,62631,0.0273028001677305,-0.0003766530603737,3516,128778,328695.0,Stanislaus,69790.0,CD-13,80028,208806
2024-11-09,17:44:00,66675,63414,0.025067453820077,-0.0022353463476534,3261,130089,328695.0,Stanislaus,69790.0,CD-13,80028,210117
2024-11-10,19:32:00,66675,63414,0.025067453820077,0.0,3261,130089,328695.0,Stanislaus,69790.0,CD-13,80028,210117
2024-11-11,17:07:00,66675,63414,0.025067453820077,0.0,3261,130089,274255.0,Stanislaus,69790.0,CD-13,76203,206292
2024-11-12,08:08:00,67384,64408,0.0225810367852373,-0.0024864170348396,2976,131792,272811.0,Stanislaus,69790.0,CD-13,76082,207874
2024-11-12,17:19:00,76685,73563,0.0207789787551248,-0.0018020580301124,3122,150248,222561.0,Stanislaus,69790.0,CD-13,71896,222144
2024-11-13,10:32:00,76685,73563,0.0207789787551248,0.0,3122,150248,197604.0,Stanislaus,54283.0,CD-13,58526,208774
2024-11-14,03:14:00,80392,76627,0.0239779899247861,0.0031990111696613,3765,157019,188614.0,Stanislaus,54283.0,CD-13,52519,209538
2024-11-14,18:06:00,89315,87551,0.0099736523695905,-0.0140043375551956,1764,176866,145354.0,Stanislaus,54283.0,CD-13,39830,216696
2024-11-15,19:06:00,89990,88068,0.0107942355861573,0.0008205832165667,1922,178058,73828.0,Stanislaus,32495.0,CD-13,27497,205555
2024-11-16,17:52:00,89990,88068,0.0107942355861573,0.0,1922,178058,73828.0,Stanislaus,32495.0,CD-13,27497,205555
2024-11-18,09:30:00,90906,88902,0.0111452215696743,0.0003509859835169,2004,179808,73828.0,Stanislaus,32495.0,CD-13,27497,207305
2024-11-18,18:44:00,91581,89300,0.0126105008265102,0.0014652792568359,2281,180881,67767.0,Stanislaus,32495.0,CD-13,26992,207873
2024-11-19,18:03:00,100885,100658,0.0011263105143815,-0.0114841903121287,227,201543,54344.0,Stanislaus,32495.0,CD-13,16044,217587
2024-11-20,17:52:00,101217,100866,0.0017369100815011,0.0006105995671196,351,202083,26163.0,Stanislaus,4954.0,CD-13,5802,207885
2024-11-21,18:41:00,101806,101612,0.0009537012457108,-0.0007832088357903,194,203418,23701.0,Stanislaus,3845.0,CD-13,5092,208510
2024-11-22,20:02:00,102154,101951,0.0009945861198892,4.0884874178470426e-05,203,204105,22181.0,Stanislaus,3845.0,CD-13,4965,209070
2024-11-23,17:53:00,102550,102346,0.0009956270498203,1.0409299311239708e-06,204,204896,21520.0,Stanislaus,3845.0,CD-13,4919,209815
2024-11-25,18:56:00,102653,102446,0.0010092686946303,1.3641644810001184e-05,207,205099,21060.0,Stanislaus,3845.0,CD-13,4537,209636
2024-11-26,17:05:00,103685,103790,0.0005060850704904,-0.0005031836241399,105,207475,15725.0,Stanislaus,3845.0,CD-13,2278,209753
2024-11-26,19:14:00,104321,104503,0.0008715473317243,0.0003654622612339,182,208824,15725.0,Stanislaus,3845.0,CD-13,2278,211102
2024-11-27,21:09:00,104801,104991,0.000905658938377,3.4111606652736264e-05,190,209792,12076.0,Stanislaus,196.0,CD-13,978,210770
2024-11-29,18:55:00,104856,105083,0.0010812664631154,0.0001756075247384,227,209939,3107.0,Stanislaus,196.0,CD-13,282,210221
2024-12-02,18:09:00,105188,105331,0.0006792736047577,-0.0004019928583577,143,210519,796.0,Stanislaus,196.0,CD-13,120,210639
2024-12-03,23:53:00,105367,105554,0.0008865878693918,0.000207314264634,187,210921,0.0,Stanislaus,0.0,CD-13,0,210921
2024-12-04,20:15:00,105367,105554,0.0008865878693918,0.0,187,210921,0.0,Stanislaus,0.0,CD-13,0,210921
2024-12-05,10:16:00,105367,105554,0.0008865878693918,0.0,187,210921,0.0,Stanislaus,0.0,CD-13,0,210921
2024-11-06,08:10:00,58428,59437,0.0085606414117846,,1009,117865,,Fresno,,CD-21,,
2024-11-06,17:25:00,58428,59437,0.0085606414117846,0.0,1009,117865,,Fresno,,CD-21,,
2024-11-07,17:37:00,63510,64986,0.0114867388868135,0.0029260974750289,1476,128496,138047.0,Fresno,100894.0,CD-21,62612,191108
2024-11-08,17:12:00,64664,65967,0.0099746614509572,-0.0015120774358563,1303,130631,132402.0,Fresno,100894.0,CD-21,60859,191490
2024-11-09,17:44:00,64664,65967,0.0099746614509572,0.0,1303,130631,132402.0,Fresno,100894.0,CD-21,60859,191490
2024-11-10,19:32:00,64664,65967,0.0099746614509572,0.0,1303,130631,132402.0,Fresno,100894.0,CD-21,60859,191490
2024-11-11,17:07:00,64664,65967,0.0099746614509572,0.0,1303,130631,132402.0,Fresno,100894.0,CD-21,60859,191490
2024-11-12,08:08:00,64664,65967,0.0099746614509572,0.0,1303,130631,132402.0,Fresno,100894.0,CD-21,60859,191490
2024-11-12,17:19:00,73838,79377,0.0361518128120614,0.0261771513611042,5539,153215,80708.0,Fresno,49200.0,CD-21,34691,187906
2024-11-13,10:32:00,75299,80522,0.0335192303989834,-0.002632582413078,5223,155821,73762.0,Fresno,49200.0,CD-21,32534,188355
2024-11-14,03:14:00,76247,81434,0.0328955295818773,-0.0006237008171061,5187,157681,73762.0,Fresno,49200.0,CD-21,32534,190215
2024-11-14,18:06:00,77894,82633,0.0295215135148604,-0.0033740160670169,4739,160527,66035.0,Fresno,49200.0,CD-21,30134,190661
2024-11-15,19:06:00,79077,83525,0.0273551370831847,-0.0021663764316757,4448,162602,20709.0,Fresno,13200.0,CD-21,9014,171616
2024-11-16,17:52:00,79077,83525,0.0273551370831847,0.0,4448,162602,20709.0,Fresno,13200.0,CD-21,9014,171616
2024-11-18,09:30:00,86395,94724,0.0459863404722861,0.0186312033891014,8329,181119,20709.0,Fresno,13200.0,CD-21,9014,190133
2024-11-18,18:44:00,89455,98585,0.0485534992554775,0.0025671587831913,9130,188040,14648.0,Fresno,7139.0,CD-21,5946,193986
2024-11-19,18:03:00,89455,98585,0.0485534992554775,0.0,9130,188040,9071.0,Fresno,7100.0,CD-21,4206,192246
2024-11-20,17:52:00,89632,98679,0.0480428652601281,-0.0005106339953493,9047,188311,9071.0,Fresno,7100.0,CD-21,4206,192517
2024-11-21,18:41:00,89737,98761,0.0478731869834162,-0.0001696782767119,9024,188498,8117.0,Fresno,7139.0,CD-21,3918,192416
2024-11-22,20:02:00,90441,99937,0.0498797129920474,0.0020065260086311,9496,190378,5744.0,Fresno,5632.0,CD-21,2886,193264
2024-11-23,17:53:00,90441,99937,0.0498797129920474,0.0,9496,190378,5744.0,Fresno,5632.0,CD-21,2886,193264
2024-11-25,18:56:00,90468,99950,0.0497957125901963,-8.400040185109481e-05,9482,190418,5632.0,Fresno,5632.0,CD-21,2851,193269
2024-11-26,19:14:00,90468,99950,0.0497957125901963,0.0,9482,190418,5632.0,Fresno,5632.0,CD-21,2851,193269
2024-11-27,21:09:00,91768,101409,0.0499075976953778,0.0001118851051815,9641,193177,5632.0,Fresno,5632.0,CD-21,2851,196028
2024-11-29,18:55:00,91768,101409,0.0499075976953778,0.0,9641,193177,600.0,Fresno,600.0,CD-21,304,193481
2024-12-02,18:09:00,91768,101409,0.0499075976953778,0.0,9641,193177,600.0,Fresno,600.0,CD-21,304,193481
2024-12-03,23:53:00,92733,102798,0.0514752136489866,0.0015676159536087,10065,195531,0.0,Fresno,0.0,CD-21,0,195531
2024-12-04,20:15:00,92733,102798,0.0514752136489866,0.0,10065,195531,0.0,Fresno,0.0,CD-21,0,195531
2024-12-05,10:16:00,92733,102798,0.0514752136489866,0.0,10065,195531,0.0,Fresno,0.0,CD-21,0,195531
2024-11-06,08:10:00,58428,59437,0.0085606414117846,,1009,117865,,Tulare,,CD-21,,
2024-11-06,17:25:00,58428,59437,0.0085606414117846,0.0,1009,117865,,Tulare,,CD-21,,
2024-11-07,17:37:00,63510,64986,0.0114867388868135,0.0029260974750289,1476,128496,138047.0,Tulare,37153.0,CD-21,62612,191108
2024-11-08,17:12:00,64664,65967,0.0099746614509572,-0.0015120774358563,1303,130631,132402.0,Tulare,31508.0,CD-21,60859,191490
2024-11-09,17:44:00,64664,65967,0.0099746614509572,0.0,1303,130631,132402.0,Tulare,31508.0,CD-21,60859,191490
2024-11-10,19:32:00,64664,65967,0.0099746614509572,0.0,1303,130631,132402.0,Tulare,31508.0,CD-21,60859,191490
2024-11-11,17:07:00,64664,65967,0.0099746614509572,0.0,1303,130631,132402.0,Tulare,31508.0,CD-21,60859,191490
2024-11-12,08:08:00,64664,65967,0.0099746614509572,0.0,1303,130631,132402.0,Tulare,31508.0,CD-21,60859,191490
2024-11-12,17:19:00,73838,79377,0.0361518128120614,0.0261771513611042,5539,153215,80708.0,Tulare,31508.0,CD-21,34691,187906
2024-11-13,10:32:00,75299,80522,0.0335192303989834,-0.002632582413078,5223,155821,73762.0,Tulare,24562.0,CD-21,32534,188355
2024-11-14,03:14:00,76247,81434,0.0328955295818773,-0.0006237008171061,5187,157681,73762.0,Tulare,24562.0,CD-21,32534,190215
2024-11-14,18:06:00,77894,82633,0.0295215135148604,-0.0033740160670169,4739,160527,66035.0,Tulare,16835.0,CD-21,30134,190661
2024-11-15,19:06:00,79077,83525,0.0273551370831847,-0.0021663764316757,4448,162602,20709.0,Tulare,7509.0,CD-21,9014,171616
2024-11-16,17:52:00,79077,83525,0.0273551370831847,0.0,4448,162602,20709.0,Tulare,7509.0,CD-21,9014,171616
2024-11-18,09:30:00,86395,94724,0.0459863404722861,0.0186312033891014,8329,181119,20709.0,Tulare,7509.0,CD-21,9014,190133
2024-11-18,18:44:00,89455,98585,0.0485534992554775,0.0025671587831913,9130,188040,14648.0,Tulare,7509.0,CD-21,5946,193986
2024-11-19,18:03:00,89455,98585,0.0485534992554775,0.0,9130,188040,9071.0,Tulare,1971.0,CD-21,4206,192246
2024-11-20,17:52:00,89632,98679,0.0480428652601281,-0.0005106339953493,9047,188311,9071.0,Tulare,1971.0,CD-21,4206,192517
2024-11-21,18:41:00,89737,98761,0.0478731869834162,-0.0001696782767119,9024,188498,8117.0,Tulare,978.0,CD-21,3918,192416
2024-11-22,20:02:00,90441,99937,0.0498797129920474,0.0020065260086311,9496,190378,5744.0,Tulare,112.0,CD-21,2886,193264
2024-11-23,17:53:00,90441,99937,0.0498797129920474,0.0,9496,190378,5744.0,Tulare,112.0,CD-21,2886,193264
2024-11-25,18:56:00,90468,99950,0.0497957125901963,-8.400040185109481e-05,9482,190418,5632.0,Tulare,0.0,CD-21,2851,193269
2024-11-26,19:14:00,90468,99950,0.0497957125901963,0.0,9482,190418,5632.0,Tulare,0.0,CD-21,2851,193269
2024-11-27,21:09:00,91768,101409,0.0499075976953778,0.0001118851051815,9641,193177,5632.0,Tulare,0.0,CD-21,2851,196028
2024-11-29,18:55:00,91768,101409,0.0499075976953778,0.0,9641,193177,600.0,Tulare,0.0,CD-21,304,193481
2024-12-02,18:09:00,91768,101409,0.0499075976953778,0.0,9641,193177,600.0,Tulare,0.0,CD-21,304,193481
2024-12-03,23:53:00,92733,102798,0.0514752136489866,0.0015676159536087,10065,195531,0.0,Tulare,0.0,CD-21,0,195531
2024-12-04,20:15:00,92733,102798,0.0514752136489866,0.0,10065,195531,0.0,Tulare,0.0,CD-21,0,195531
2024-12-05,10:16:00,92733,102798,0.0514752136489866,0.0,10065,195531,0.0,Tulare,0.0,CD-21,0,195531
2024-11-05,23:46:00,39612,33827,0.0787728591075586,,5785,73439,,Kern,,CD-22,,
2024-11-06,08:10:00,53794,43955,0.1006557611842576,0.0218829020766989,9839,97749,,Kern,,CD-22,,
2024-11-06,17:25:00,53794,43955,0.1006557611842576,0.0,9839,97749,,Kern,,CD-22,,
2024-11-07,17:37:00,55936,45679,0.1009398218766914,0.0002840606924337,10257,101615,185698.0,Kern,138039.0,CD-22,82794,184409
2024-11-08,17:12:00,62900,52519,0.0899418639911972,-0.0109979578854941,10381,115419,151008.0,Kern,112520.0,CD-22,67077,182496
2024-11-09,17:44:00,71495,61987,0.0712305779056352,-0.018711286085562,9508,133482,151008.0,Kern,112520.0,CD-22,67077,200559
2024-11-10,19:32:00,71495,61987,0.0712305779056352,0.0,9508,133482,151008.0,Kern,112520.0,CD-22,67077,200559
2024-11-11,17:07:00,71495,61987,0.0712305779056352,0.0,9508,133482,151008.0,Kern,112520.0,CD-22,67077,200559
2024-11-12,08:08:00,71495,61987,0.0712305779056352,0.0,9508,133482,88238.0,Kern,49750.0,CD-22,37707,171189
2024-11-12,17:19:00,74807,65261,0.0681526115886569,-0.0030779663169782,9546,140068,88238.0,Kern,49750.0,CD-22,37707,177775
2024-11-13,10:32:00,75997,66117,0.0695216516317885,0.0013690400431316,9880,142114,64937.0,Kern,33395.0,CD-22,27680,169794
2024-11-14,03:14:00,83363,73207,0.0648655553426582,-0.0046560962891303,10156,156570,36388.0,Kern,10395.0,CD-22,14012,170582
2024-11-14,18:06:00,84815,74180,0.0668888958772288,0.0020233405345706,10635,158995,28661.0,Kern,10395.0,CD-22,11370,170365
2024-11-15,19:06:00,86012,75210,0.0670007815310565,0.0001118856538277,10802,161222,17469.0,Kern,9135.0,CD-22,7274,168496
2024-11-16,17:52:00,86012,75210,0.0670007815310565,0.0,10802,161222,17469.0,Kern,9135.0,CD-22,7274,168496
2024-11-18,09:30:00,86012,75210,0.0670007815310565,0.0,10802,161222,17469.0,Kern,9135.0,CD-22,7274,168496
2024-11-18,18:44:00,86899,75912,0.0674831553150585,0.000482373784002,10987,162811,17469.0,Kern,9135.0,CD-22,7274,170085
2024-11-19,18:03:00,87101,76089,0.0674796249770206,-3.53033803791869e-06,11012,163190,11281.0,Kern,8485.0,CD-22,5076,168266
2024-11-20,17:52:00,87381,76322,0.067555267771513,7.564279449240319e-05,11059,163703,11281.0,Kern,8485.0,CD-22,5076,168779
2024-11-21,18:41:00,87624,76494,0.0678170584579388,0.0002617906864257,11130,164118,10288.0,Kern,8485.0,CD-22,4737,168855
2024-11-22,20:02:00,88747,77394,0.0683335239344893,0.0005164654765505,11353,166141,8612.0,Kern,8485.0,CD-22,4016,170157
2024-11-23,17:53:00,88747,77394,0.0683335239344893,0.0,11353,166141,3022.0,Kern,2895.0,CD-22,1401,167542
2024-11-25,17:56:00,88766,77407,0.0683564718696779,2.2947935188602497e-05,11359,166173,2910.0,Kern,2895.0,CD-22,1362,167535
2024-11-26,19:14:00,89422,77971,0.0684078784656467,5.140659596872266e-05,11451,167393,510.0,Kern,495.0,CD-22,239,167632
2024-11-27,21:09:00,89434,77975,0.0684491275857331,4.1249120086434e-05,11459,167409,495.0,Kern,495.0,CD-22,232,167641
2024-11-29,18:55:00,89434,77975,0.0684491275857331,0.0,11459,167409,495.0,Kern,495.0,CD-22,232,167641
2024-12-02,18:09:00,89437,77981,0.0684275287006176,-2.1598885115520217e-05,11456,167418,495.0,Kern,495.0,CD-22,232,167650
2024-12-03,23:53:00,89484,78023,0.0684210212110538,-6.507489563753466e-06,11461,167507,0.0,Kern,0.0,CD-22,0,167507
2024-12-04,20:15:00,89484,78023,0.0684210212110538,0.0,11461,167507,0.0,Kern,0.0,CD-22,0,167507
2024-12-05,10:16:00,89484,78023,0.0684210212110538,0.0,11461,167507,0.0,Kern,0.0,CD-22,0,167507
2024-11-05,23:46:00,39612,33827,0.0787728591075586,,5785,73439,,Kings,,CD-22,,
2024-11-06,08:10:00,53794,43955,0.1006557611842576,0.0218829020766989,9839,97749,,Kings,,CD-22,,
2024-11-06,17:25:00,53794,43955,0.1006557611842576,0.0,9839,97749,,Kings,,CD-22,,
2024-11-07,17:37:00,55936,45679,0.1009398218766914,0.0002840606924337,10257,101615,185698.0,Kings,10506.0,CD-22,82794,184409
2024-11-08,17:12:00,62900,52519,0.0899418639911972,-0.0109979578854941,10381,115419,151008.0,Kings,6980.0,CD-22,67077,182496
2024-11-09,17:44:00,71495,61987,0.0712305779056352,-0.018711286085562,9508,133482,151008.0,Kings,6980.0,CD-22,67077,200559
2024-11-10,19:32:00,71495,61987,0.0712305779056352,0.0,9508,133482,151008.0,Kings,6980.0,CD-22,67077,200559
2024-11-11,17:07:00,71495,61987,0.0712305779056352,0.0,9508,133482,151008.0,Kings,6980.0,CD-22,67077,200559
2024-11-12,08:08:00,71495,61987,0.0712305779056352,0.0,9508,133482,88238.0,Kings,6980.0,CD-22,37707,171189
2024-11-12,17:19:00,74807,65261,0.0681526115886569,-0.0030779663169782,9546,140068,88238.0,Kings,6980.0,CD-22,37707,177775
2024-11-13,10:32:00,75997,66117,0.0695216516317885,0.0013690400431316,9880,142114,64937.0,Kings,6980.0,CD-22,27680,169794
2024-11-14,03:14:00,83363,73207,0.0648655553426582,-0.0046560962891303,10156,156570,36388.0,Kings,1431.0,CD-22,14012,170582
2024-11-14,18:06:00,84815,74180,0.0668888958772288,0.0020233405345706,10635,158995,28661.0,Kings,1431.0,CD-22,11370,170365
2024-11-15,19:06:00,86012,75210,0.0670007815310565,0.0001118856538277,10802,161222,17469.0,Kings,825.0,CD-22,7274,168496
2024-11-16,17:52:00,86012,75210,0.0670007815310565,0.0,10802,161222,17469.0,Kings,825.0,CD-22,7274,168496
2024-11-18,09:30:00,86012,75210,0.0670007815310565,0.0,10802,161222,17469.0,Kings,825.0,CD-22,7274,168496
2024-11-18,18:44:00,86899,75912,0.0674831553150585,0.000482373784002,10987,162811,17469.0,Kings,825.0,CD-22,7274,170085
2024-11-19,18:03:00,87101,76089,0.0674796249770206,-3.53033803791869e-06,11012,163190,11281.0,Kings,825.0,CD-22,5076,168266
2024-11-20,17:52:00,87381,76322,0.067555267771513,7.564279449240319e-05,11059,163703,11281.0,Kings,825.0,CD-22,5076,168779
2024-11-21,18:41:00,87624,76494,0.0678170584579388,0.0002617906864257,11130,164118,10288.0,Kings,825.0,CD-22,4737,168855
2024-11-22,20:02:00,88747,77394,0.0683335239344893,0.0005164654765505,11353,166141,8612.0,Kings,15.0,CD-22,4016,170157
2024-11-23,17:53:00,88747,77394,0.0683335239344893,0.0,11353,166141,3022.0,Kings,15.0,CD-22,1401,167542
2024-11-25,17:56:00,88766,77407,0.0683564718696779,2.2947935188602497e-05,11359,166173,2910.0,Kings,15.0,CD-22,1362,167535
2024-11-26,19:14:00,89422,77971,0.0684078784656467,5.140659596872266e-05,11451,167393,510.0,Kings,15.0,CD-22,239,167632
2024-11-27,21:09:00,89434,77975,0.0684491275857331,4.1249120086434e-05,11459,167409,495.0,Kings,0.0,CD-22,232,167641
2024-11-29,18:55:00,89434,77975,0.0684491275857331,0.0,11459,167409,495.0,Kings,0.0,CD-22,232,167641
2024-12-02,18:09:00,89437,77981,0.0684275287006176,-2.1598885115520217e-05,11456,167418,495.0,Kings,0.0,CD-22,232,167650
2024-12-03,23:53:00,89484,78023,0.0684210212110538,-6.507489563753466e-06,11461,167507,0.0,Kings,0.0,CD-22,0,167507
2024-12-04,20:15:00,89484,78023,0.0684210212110538,0.0,11461,167507,0.0,Kings,0.0,CD-22,0,167507
2024-12-05,10:16:00,89484,78023,0.0684210212110538,0.0,11461,167507,0.0,Kings,0.0,CD-22,0,167507
2024-11-05,23:46:00,39612,33827,0.0787728591075586,,5785,73439,,Tulare,,CD-22,,
2024-11-06,08:10:00,53794,43955,0.1006557611842576,0.0218829020766989,9839,97749,,Tulare,,CD-22,,
2024-11-06,17:25:00,53794,43955,0.1006557611842576,0.0,9839,97749,,Tulare,,CD-22,,
2024-11-07,17:37:00,55936,45679,0.1009398218766914,0.0002840606924337,10257,101615,185698.0,Tulare,37153.0,CD-22,82794,184409
2024-11-08,17:12:00,62900,52519,0.0899418639911972,-0.0109979578854941,10381,115419,151008.0,Tulare,31508.0,CD-22,67077,182496
2024-11-09,17:44:00,71495,61987,0.0712305779056352,-0.018711286085562,9508,133482,151008.0,Tulare,31508.0,CD-22,67077,200559
2024-11-10,19:32:00,71495,61987,0.0712305779056352,0.0,9508,133482,151008.0,Tulare,31508.0,CD-22,67077,200559
2024-11-11,17:07:00,71495,61987,0.0712305779056352,0.0,9508,133482,151008.0,Tulare,31508.0,CD-22,67077,200559
2024-11-12,08:08:00,71495,61987,0.0712305779056352,0.0,9508,133482,88238.0,Tulare,31508.0,CD-22,37707,171189
2024-11-12,17:19:00,74807,65261,0.0681526115886569,-0.0030779663169782,9546,140068,88238.0,Tulare,31508.0,CD-22,37707,177775
2024-11-13,10:32:00,75997,66117,0.0695216516317885,0.0013690400431316,9880,142114,64937.0,Tulare,24562.0,CD-22,27680,169794
2024-11-14,03:14:00,83363,73207,0.0648655553426582,-0.0046560962891303,10156,156570,36388.0,Tulare,24562.0,CD-22,14012,170582
2024-11-14,18:06:00,84815,74180,0.0668888958772288,0.0020233405345706,10635,158995,28661.0,Tulare,16835.0,CD-22,11370,170365
2024-11-15,19:06:00,86012,75210,0.0670007815310565,0.0001118856538277,10802,161222,17469.0,Tulare,7509.0,CD-22,7274,168496
2024-11-16,17:52:00,86012,75210,0.0670007815310565,0.0,10802,161222,17469.0,Tulare,7509.0,CD-22,7274,168496
2024-11-18,09:30:00,86012,75210,0.0670007815310565,0.0,10802,161222,17469.0,Tulare,7509.0,CD-22,7274,168496
2024-11-18,18:44:00,86899,75912,0.0674831553150585,0.000482373784002,10987,162811,17469.0,Tulare,7509.0,CD-22,7274,170085
2024-11-19,18:03:00,87101,76089,0.0674796249770206,-3.53033803791869e-06,11012,163190,11281.0,Tulare,1971.0,CD-22,5076,168266
2024-11-20,17:52:00,87381,76322,0.067555267771513,7.564279449240319e-05,11059,163703,11281.0,Tulare,1971.0,CD-22,5076,168779
2024-11-21,18:41:00,87624,76494,0.0678170584579388,0.0002617906864257,11130,164118,10288.0,Tulare,978.0,CD-22,4737,168855
2024-11-22,20:02:00,88747,77394,0.0683335239344893,0.0005164654765505,11353,166141,8612.0,Tulare,112.0,CD-22,4016,170157
2024-11-23,17:53:00,88747,77394,0.0683335239344893,0.0,11353,166141,3022.0,Tulare,112.0,CD-22,1401,167542
2024-11-25,17:56:00,88766,77407,0.0683564718696779,2.2947935188602497e-05,11359,166173,2910.0,Tulare,0.0,CD-22,1362,167535
2024-11-26,19:14:00,89422,77971,0.0684078784656467,5.140659596872266e-05,11451,167393,510.0,Tulare,0.0,CD-22,239,167632
2024-11-27,21:09:00,89434,77975,0.0684491275857331,4.1249120086434e-05,11459,167409,495.0,Tulare,0.0,CD-22,232,167641
2024-11-29,18:55:00,89434,77975,0.0684491275857331,0.0,11459,167409,495.0,Tulare,0.0,CD-22,232,167641
2024-12-02,18:09:00,89437,77981,0.0684275287006176,-2.1598885115520217e-05,11456,167418,495.0,Tulare,0.0,CD-22,232,167650
2024-12-03,23:53:00,89484,78023,0.0684210212110538,-6.507489563753466e-06,11461,167507,0.0,Tulare,0.0,CD-22,0,167507
2024-12-04,20:15:00,89484,78023,0.0684210212110538,0.0,11461,167507,0.0,Tulare,0.0,CD-22,0,167507
2024-12-05,10:16:00,89484,78023,0.0684210212110538,0.0,11461,167507,0.0,Tulare,0.0,CD-22,0,167507
2024-11-05,23:46:00,91350,91096,0.0013921927584052,,254,182446,,Los Angeles,,CD-27,,
2024-11-06,08:10:00,113527,108165,0.0241867094888403,0.0227945167304351,5362,221692,,Los Angeles,,CD-27,,
2024-11-06,17:25:00,115772,111005,0.0210206502423085,-0.0031660592465318,4767,226777,,Los Angeles,,CD-27,,
2024-11-07,17:37:00,120844,117604,0.0135878682144534,-0.007432782027855,3240,238448,956421.0,Los Angeles,956421.0,CD-27,57308,295756
2024-11-08,17:12:00,127061,126088,0.0038435861883712,-0.0097442820260821,973,253149,956421.0,Los Angeles,956421.0,CD-27,57308,310457
2024-11-09,17:44:00,132117,134231,0.0079369846967125,0.0040933985083412,2114,266348,560000.0,Los Angeles,560000.0,CD-27,33555,299903
2024-11-10,19:32:00,135931,140661,0.0171010007520101,0.0091640160552976,4730,276592,325300.0,Los Angeles,325300.0,CD-27,19492,296084
2024-11-11,17:07:00,140584,147567,0.0242338218503492,0.0071328210983391,6983,288151,187300.0,Los Angeles,187300.0,CD-27,11223,299374
2024-11-12,08:08:00,140584,147567,0.0242338218503492,0.0,6983,288151,152300.0,Los Angeles,152300.0,CD-27,9126,297277
2024-11-12,17:19:00,142701,150307,0.025958335608584,0.0017245137582347,7606,293008,141900.0,Los Angeles,141900.0,CD-27,8503,301511
2024-11-13,10:32:00,142701,150307,0.025958335608584,0.0,7606,293008,141900.0,Los Angeles,141900.0,CD-27,8503,301511
2024-11-14,03:14:00,143331,151149,0.0265484922575387,0.0005901566489546,7818,294480,120400.0,Los Angeles,120400.0,CD-27,7214,301694
2024-11-14,06:06:00,144055,152020,0.026901967406907,0.0003534751493683,7965,296075,99400.0,Los Angeles,99400.0,CD-27,5956,302031
2024-11-15,19:06:00,144597,152594,0.0269086210551463,6.653648239318688e-06,7997,297191,79400.0,Los Angeles,79400.0,CD-27,4758,301949
2024-11-16,17:52:00,144597,152597,0.0269184438447613,9.822789614980648e-06,8000,297194,79400.0,Los Angeles,79400.0,CD-27,4758,301952
2024-11-18,09:30:00,144597,152594,0.0269086210551463,-9.822789614980648e-06,7997,297191,79400.0,Los Angeles,79400.0,CD-27,4758,301949
2024-11-18,18:44:00,145293,153228,0.0265810445496296,-0.0003275765055166,7935,298521,43800.0,Los Angeles,43800.0,CD-27,2624,301145
2024-11-19,18:03:00,145546,153489,0.0265621081144347,-1.893643519490853e-05,7943,299035,32300.0,Los Angeles,32300.0,CD-27,1935,300970
2024-11-20,17:52:00,146546,153489,0.0231406335927475,-0.0034214745216872,6943,300035,32300.0,Los Angeles,32300.0,CD-27,1935,301970
2024-11-21,18:41:00,145878,153847,0.0265877053966135,0.003447071803866,7969,299725,19700.0,Los Angeles,19700.0,CD-27,1180,300905
2024-11-22,20:02:00,145878,153847,0.0265877053966135,0.0,7969,299725,19700.0,Los Angeles,19700.0,CD-27,1180,300905
2024-11-23,17:53:00,145878,153847,0.0265877053966135,0.0,7969,299725,19700.0,Los Angeles,19700.0,CD-27,1180,300905
2024-11-25,17:56:00,145878,153847,0.0265877053966135,0.0,7969,299725,19700.0,Los Angeles,19700.0,CD-27,1180,300905
2024-11-26,19:14:00,146011,153973,0.0265414155421622,-4.628985445131323e-05,7962,299984,19700.0,Los Angeles,19700.0,CD-27,1180,301164
2024-11-27,21:09:00,146011,153973,0.0265414155421622,0.0,7962,299984,0.0,Los Angeles,0.0,CD-27,0,299984
2024-11-29,18:55:00,146011,153973,0.0265414155421622,0.0,7962,299984,0.0,Los Angeles,0.0,CD-27,0,299984
2024-12-02,18:09:00,146050,154040,0.0266253457296144,8.393018745220249e-05,7990,300090,0.0,Los Angeles,0.0,CD-27,0,300090
2024-12-03,23:53:00,146050,154040,0.0266253457296144,0.0,7990,300090,0.0,Los Angeles,0.0,CD-27,0,300090
2024-12-04,20:15:00,146050,154040,0.0266253457296144,0.0,7990,300090,0.0,Los Angeles,0.0,CD-27,0,300090
2024-12-05,10:16:00,146050,154040,0.0266253457296144,0.0,7990,300090,0.0,Los Angeles,0.0,CD-27,0,300090
2024-11-05,23:46:00,127846,106702,0.0901478588604464,,21144,234548,,Orange,,CD-40,,
2024-11-06,08:10:00,157387,119514,0.1367745150793966,0.0466266562189501,37873,276901,,Orange,,CD-40,,
2024-11-06,17:25:00,162607,124706,0.1319153675608134,-0.0048591475185831,37901,287313,,Orange,,CD-40,,
2024-11-07,17:37:00,168515,130259,0.1280432701640705,-0.0038720973967429,38256,298774,973505.0,Orange,364055.0,CD-40,85358,384132
2024-11-08,17:12:00,176483,137389,0.1245539583014732,-0.0034893118625972,39094,313872,909758.0,Orange,323128.0,CD-40,76436,390308
2024-11-09,17:44:00,185729,146612,0.1177013970590447,-0.0068525612424284,39117,332341,673782.0,Orange,212152.0,CD-40,52437,384778
2024-11-10,19:32:00,185729,146612,0.1177013970590447,0.0,39117,332341,673782.0,Orange,212152.0,CD-40,52437,384778
2024-11-11,17:07:00,189324,149761,0.1166757597652506,-0.0010256372937941,39563,339085,635525.0,Orange,173895.0,CD-40,44705,383790
2024-11-12,08:08:00,189507,149983,0.1164216913605702,-0.0002540684046803,39524,339490,538415.0,Orange,173895.0,CD-40,42896,382386
2024-11-12,17:19:00,195515,155874,0.1128122963439379,-0.0036093950166323,39641,351389,482903.0,Orange,126553.0,CD-40,33095,384484
2024-11-13,10:32:00,195624,155950,0.1128467975447558,3.450120081795183e-05,39674,351574,422903.0,Orange,126553.0,CD-40,32342,383916
2024-11-14,03:14:00,202611,163042,0.1082146187779123,-0.0046321787668434,39569,365653,344088.0,Orange,80038.0,CD-40,22021,387674
2024-11-14,18:06:00,203796,164148,0.1077555280151327,-0.0004590907627796,39648,367944,246283.0,Orange,74708.0,CD-40,19227,387171
2024-11-15,19:06:00,205355,165705,0.1068560340645717,-0.0008994939505609,39650,371060,194011.0,Orange,71911.0,CD-40,17413,388473
2024-11-16,17:52:00,206489,166788,0.1063580129501683,-0.0004980211144033,39701,373277,164953.0,Orange,67753.0,CD-40,15894,389171
2024-11-18,09:30:00,206489,166788,0.1063580129501683,0.0,39701,373277,164553.0,Orange,67753.0,CD-40,15889,389166
2024-11-18,18:44:00,207806,167889,0.1062484195956826,-0.0001095933544857,39917,375695,109879.0,Orange,51579.0,CD-40,11524,387219
2024-11-19,18:03:00,209000,168966,0.1059195800680484,-0.0003288395276342,40034,377966,96665.0,Orange,39655.0,CD-40,9093,387059
2024-11-20,17:52:00,209684,169680,0.1054501745025885,-0.0004694055654599,40004,379364,86327.0,Orange,31926.0,CD-40,7493,386857
2024-11-21,18:41:00,210165,170138,0.1052502872709392,-0.0001998872316493,40027,380303,73890.0,Orange,26789.0,CD-40,6364,386667
2024-11-22,20:02:00,210672,170507,0.1053704427578644,0.0001201554869251,40165,381179,54957.0,Orange,21907.0,CD-40,5120,386299
2024-11-23,17:53:00,210992,170802,0.1052661906682661,-0.0001042520895982,40190,381794,45077.0,Orange,18127.0,CD-40,4280,386074
2024-11-25,17:56:00,211330,171006,0.1054674422497489,0.0002012515814827,40324,382336,24076.0,Orange,12676.0,CD-40,2775,385111
2024-11-26,19:14:00,211628,171294,0.1053321564182784,-0.0001352858314705,40334,382922,22833.0,Orange,13133.0,CD-40,2846,385768
2024-11-27,21:09:00,211913,171573,0.1051928883974903,-0.000139268020788,40340,383486,14215.0,Orange,11565.0,CD-40,2378,385864
2024-11-29,18:55:00,211913,171573,0.1051928883974903,0.0,40340,383486,12565.0,Orange,11565.0,CD-40,2357,385843
2024-12-02,18:09:00,211956,171605,0.1052009980159609,8.109618470572566e-06,40351,383561,12238.0,Orange,11238.0,CD-40,2291,385852
2024-12-03,23:53:00,211998,171637,0.105206772061986,5.774046025044943e-06,40361,383635,0.0,Orange,0.0,CD-40,0,383635
2024-12-04,20:15:00,211998,171637,0.105206772061986,0.0,40361,383635,0.0,Orange,0.0,CD-40,0,383635
2024-12-05,10:16:00,211998,171637,0.105206772061986,0.0,40361,383635,0.0,Orange,0.0,CD-40,0,383635
2024-11-05,23:46:00,127846,106702,0.0901478588604464,,21144,234548,,Riverside,,CD-40,,
2024-11-06,08:10:00,157387,119514,0.1367745150793966,0.0466266562189501,37873,276901,,Riverside,,CD-40,,
2024-11-06,17:25:00,162607,124706,0.1319153675608134,-0.0048591475185831,37901,287313,,Riverside,,CD-40,,
2024-11-07,17:37:00,168515,130259,0.1280432701640705,-0.0038720973967429,38256,298774,973505.0,Riverside,350000.0,CD-40,85358,384132
2024-11-08,17:12:00,176483,137389,0.1245539583014732,-0.0034893118625972,39094,313872,909758.0,Riverside,350000.0,CD-40,76436,390308
2024-11-09,17:44:00,185729,146612,0.1177013970590447,-0.0068525612424284,39117,332341,673782.0,Riverside,225000.0,CD-40,52437,384778
2024-11-10,19:32:00,185729,146612,0.1177013970590447,0.0,39117,332341,673782.0,Riverside,225000.0,CD-40,52437,384778
2024-11-11,17:07:00,189324,149761,0.1166757597652506,-0.0010256372937941,39563,339085,635525.0,Riverside,225000.0,CD-40,44705,383790
2024-11-12,08:08:00,189507,149983,0.1164216913605702,-0.0002540684046803,39524,339490,538415.0,Riverside,165000.0,CD-40,42896,382386
2024-11-12,17:19:00,195515,155874,0.1128122963439379,-0.0036093950166323,39641,351389,482903.0,Riverside,165000.0,CD-40,33095,384484
2024-11-13,10:32:00,195624,155950,0.1128467975447558,3.450120081795183e-05,39674,351574,422903.0,Riverside,105000.0,CD-40,32342,383916
2024-11-14,03:14:00,202611,163042,0.1082146187779123,-0.0046321787668434,39569,365653,344088.0,Riverside,105000.0,CD-40,22021,387674
2024-11-14,18:06:00,203796,164148,0.1077555280151327,-0.0004590907627796,39648,367944,246283.0,Riverside,47500.0,CD-40,19227,387171
2024-11-15,19:06:00,205355,165705,0.1068560340645717,-0.0008994939505609,39650,371060,194011.0,Riverside,37500.0,CD-40,17413,388473
2024-11-16,17:52:00,206489,166788,0.1063580129501683,-0.0004980211144033,39701,373277,164953.0,Riverside,35600.0,CD-40,15894,389171
2024-11-18,09:30:00,206489,166788,0.1063580129501683,0.0,39701,373277,164553.0,Riverside,35200.0,CD-40,15889,389166
2024-11-18,18:44:00,207806,167889,0.1062484195956826,-0.0001095933544857,39917,375695,109879.0,Riverside,35200.0,CD-40,11524,387219
2024-11-19,18:03:00,209000,168966,0.1059195800680484,-0.0003288395276342,40034,377966,96665.0,Riverside,34200.0,CD-40,9093,387059
2024-11-20,17:52:00,209684,169680,0.1054501745025885,-0.0004694055654599,40004,379364,86327.0,Riverside,31900.0,CD-40,7493,386857
2024-11-21,18:41:00,210165,170138,0.1052502872709392,-0.0001998872316493,40027,380303,73890.0,Riverside,24600.0,CD-40,6364,386667
2024-11-22,20:02:00,210672,170507,0.1053704427578644,0.0001201554869251,40165,381179,54957.0,Riverside,15600.0,CD-40,5120,386299
2024-11-23,17:53:00,210992,170802,0.1052661906682661,-0.0001042520895982,40190,381794,45077.0,Riverside,9500.0,CD-40,4280,386074
2024-11-25,17:56:00,211330,171006,0.1054674422497489,0.0002012515814827,40324,382336,24076.0,Riverside,7000.0,CD-40,2775,385111
2024-11-26,19:14:00,211628,171294,0.1053321564182784,-0.0001352858314705,40334,382922,22833.0,Riverside,5300.0,CD-40,2846,385768
2024-11-27,21:09:00,211913,171573,0.1051928883974903,-0.000139268020788,40340,383486,14215.0,Riverside,2200.0,CD-40,2378,385864
2024-11-29,18:55:00,211913,171573,0.1051928883974903,0.0,40340,383486,12565.0,Riverside,550.0,CD-40,2357,385843
2024-12-02,18:09:00,211956,171605,0.1052009980159609,8.109618470572566e-06,40351,383561,12238.0,Riverside,550.0,CD-40,2291,385852
2024-12-03,23:53:00,211998,171637,0.105206772061986,5.774046025044943e-06,40361,383635,0.0,Riverside,0.0,CD-40,0,383635
2024-12-04,20:15:00,211998,171637,0.105206772061986,0.0,40361,383635,0.0,Riverside,0.0,CD-40,0,383635
2024-12-05,10:16:00,211998,171637,0.105206772061986,0.0,40361,383635,0.0,Riverside,0.0,CD-40,0,383635
2024-11-05,23:46:00,127846,106702,0.0901478588604464,,21144,234548,,San Bernardino,,CD-40,,
2024-11-06,08:10:00,157387,119514,0.1367745150793966,0.0466266562189501,37873,276901,,San Bernardino,,CD-40,,
2024-11-06,17:25:00,162607,124706,0.1319153675608134,-0.0048591475185831,37901,287313,,San Bernardino,,CD-40,,
2024-11-07,17:37:00,168515,130259,0.1280432701640705,-0.0038720973967429,38256,298774,973505.0,San Bernardino,259450.0,CD-40,85358,384132
2024-11-08,17:12:00,176483,137389,0.1245539583014732,-0.0034893118625972,39094,313872,909758.0,San Bernardino,236630.0,CD-40,76436,390308
2024-11-09,17:44:00,185729,146612,0.1177013970590447,-0.0068525612424284,39117,332341,673782.0,San Bernardino,236630.0,CD-40,52437,384778
2024-11-10,19:32:00,185729,146612,0.1177013970590447,0.0,39117,332341,673782.0,San Bernardino,236630.0,CD-40,52437,384778
2024-11-11,17:07:00,189324,149761,0.1166757597652506,-0.0010256372937941,39563,339085,635525.0,San Bernardino,236630.0,CD-40,44705,383790
2024-11-12,08:08:00,189507,149983,0.1164216913605702,-0.0002540684046803,39524,339490,538415.0,San Bernardino,199520.0,CD-40,42896,382386
2024-11-12,17:19:00,195515,155874,0.1128122963439379,-0.0036093950166323,39641,351389,482903.0,San Bernardino,191350.0,CD-40,33095,384484
2024-11-13,10:32:00,195624,155950,0.1128467975447558,3.450120081795183e-05,39674,351574,422903.0,San Bernardino,191350.0,CD-40,32342,383916
2024-11-14,03:14:00,202611,163042,0.1082146187779123,-0.0046321787668434,39569,365653,344088.0,San Bernardino,159050.0,CD-40,22021,387674
2024-11-14,18:06:00,203796,164148,0.1077555280151327,-0.0004590907627796,39648,367944,246283.0,San Bernardino,124075.0,CD-40,19227,387171
2024-11-15,19:06:00,205355,165705,0.1068560340645717,-0.0008994939505609,39650,371060,194011.0,San Bernardino,84600.0,CD-40,17413,388473
2024-11-16,17:52:00,206489,166788,0.1063580129501683,-0.0004980211144033,39701,373277,164953.0,San Bernardino,61600.0,CD-40,15894,389171
2024-11-18,09:30:00,206489,166788,0.1063580129501683,0.0,39701,373277,164553.0,San Bernardino,61600.0,CD-40,15889,389166
2024-11-18,18:44:00,207806,167889,0.1062484195956826,-0.0001095933544857,39917,375695,109879.0,San Bernardino,23100.0,CD-40,11524,387219
2024-11-19,18:03:00,209000,168966,0.1059195800680484,-0.0003288395276342,40034,377966,96665.0,San Bernardino,22810.0,CD-40,9093,387059
2024-11-20,17:52:00,209684,169680,0.1054501745025885,-0.0004694055654599,40004,379364,86327.0,San Bernardino,22501.0,CD-40,7493,386857
2024-11-21,18:41:00,210165,170138,0.1052502872709392,-0.0001998872316493,40027,380303,73890.0,San Bernardino,22501.0,CD-40,6364,386667
2024-11-22,20:02:00,210672,170507,0.1053704427578644,0.0001201554869251,40165,381179,54957.0,San Bernardino,17450.0,CD-40,5120,386299
2024-11-23,17:53:00,210992,170802,0.1052661906682661,-0.0001042520895982,40190,381794,45077.0,San Bernardino,17450.0,CD-40,4280,386074
2024-11-25,17:56:00,211330,171006,0.1054674422497489,0.0002012515814827,40324,382336,24076.0,San Bernardino,4400.0,CD-40,2775,385111
2024-11-26,19:14:00,211628,171294,0.1053321564182784,-0.0001352858314705,40334,382922,22833.0,San Bernardino,4400.0,CD-40,2846,385768
2024-11-27,21:09:00,211913,171573,0.1051928883974903,-0.000139268020788,40340,383486,14215.0,San Bernardino,450.0,CD-40,2378,385864
2024-11-29,18:55:00,211913,171573,0.1051928883974903,0.0,40340,383486,12565.0,San Bernardino,450.0,CD-40,2357,385843
2024-12-02,18:09:00,211956,171605,0.1052009980159609,8.109618470572566e-06,40351,383561,12238.0,San Bernardino,450.0,CD-40,2291,385852
2024-12-03,23:53:00,211998,171637,0.105206772061986,5.774046025044943e-06,40361,383635,0.0,San Bernardino,0.0,CD-40,0,383635
2024-12-04,20:15:00,211998,171637,0.105206772061986,0.0,40361,383635,0.0,San Bernardino,0.0,CD-40,0,383635
2024-12-05,10:16:00,211998,171637,0.105206772061986,0.0,40361,383635,0.0,San Bernardino,0.0,CD-40,0,383635
2024-11-05,23:46:00,88421,95473,0.038348178842159,,7052,183894,,Riverside,,CD-41,,
2024-11-06,08:10:00,109874,107632,0.0103077616249666,-0.0280404172171924,2242,217506,,Riverside,,CD-41,,
2024-11-06,17:25:00,109874,107632,0.0103077616249666,0.0,2242,217506,,Riverside,,CD-41,,
2024-11-07,17:37:00,127288,119833,0.0301674078690196,0.0198596462440529,7455,247121,350000.0,Riverside,350000.0,CD-41,122443,369564
2024-11-08,17:12:00,127288,119833,0.0301674078690196,0.0,7455,247121,350000.0,Riverside,350000.0,CD-41,122443,369564
2024-11-09,17:44:00,143621,135741,0.0282071291013094,-0.0019602787677102,7880,279362,225000.0,Riverside,225000.0,CD-41,78714,358076
2024-11-10,19:32:00,143621,135741,0.0282071291013094,0.0,7880,279362,225000.0,Riverside,225000.0,CD-41,78714,358076
2024-11-11,17:07:00,143621,135741,0.0282071291013094,0.0,7880,279362,225000.0,Riverside,225000.0,CD-41,78714,358076
2024-11-12,08:08:00,153106,145558,0.0252725470763131,-0.0029345820249962,7548,298664,165000.0,Riverside,165000.0,CD-41,57723,356387
2024-11-12,17:19:00,153106,145558,0.0252725470763131,0.0,7548,298664,165000.0,Riverside,165000.0,CD-41,57723,356387
2024-11-13,10:32:00,161202,153079,0.0258462967853608,0.0005737497090476,8123,314281,105000.0,Riverside,105000.0,CD-41,36733,351014
2024-11-14,03:14:00,172642,162576,0.030028220441623,0.0041819236562621,10066,335218,105000.0,Riverside,105000.0,CD-41,36733,371951
2024-11-14,18:06:00,175137,164654,0.0308513174274774,0.0008230969858544,10483,339791,47500.0,Riverside,47500.0,CD-41,16617,356408
2024-11-15,19:06:00,175535,165036,0.0308276394643114,-2.36779631660744e-05,10499,340571,37500.0,Riverside,37500.0,CD-41,13119,353690
2024-11-16,17:52:00,175734,165212,0.0308611920949358,3.355263062444769e-05,10522,340946,35600.0,Riverside,35600.0,CD-41,12454,353400
2024-11-18,09:30:00,175734,165212,0.0308611920949358,0.0,10522,340946,35200.0,Riverside,35200.0,CD-41,12314,353260
2024-11-18,18:44:00,176267,165675,0.0309760134759696,0.0001148213810337,10592,341942,35200.0,Riverside,35200.0,CD-41,12314,354256
2024-11-19,18:03:00,177206,166390,0.0314788297884725,0.0005028163125029,10816,343596,34200.0,Riverside,34200.0,CD-41,11964,355560
2024-11-20,17:52:00,178985,167743,0.0324231097575044,0.0009442799690319,11242,346728,31900.0,Riverside,31900.0,CD-41,11160,357888
2024-11-21,18:41:00,180490,169070,0.0326696418354502,0.0002465320779458,11420,349560,24600.0,Riverside,24600.0,CD-41,8606,358166
2024-11-22,20:02:00,181498,169862,0.0331170309653916,0.0004473891299413,11636,351360,15600.0,Riverside,15600.0,CD-41,5457,356817
2024-11-23,17:53:00,181600,169936,0.033180101042283,6.30700768913875e-05,11664,351536,9500.0,Riverside,9500.0,CD-41,3323,354859
2024-11-25,17:56:00,182041,170311,0.0332905730633003,0.0001104720210173,11730,352352,7000.0,Riverside,7000.0,CD-41,2449,354801
2024-11-26,19:14:00,182416,170596,0.0334832810216083,0.0001927079583079,11820,353012,5300.0,Riverside,5300.0,CD-41,1854,354866
2024-11-27,21:09:00,182822,170898,0.0337102793169738,0.0002269982953655,11924,353720,2200.0,Riverside,2200.0,CD-41,770,354490
2024-11-29,18:55:00,182822,170898,0.0337102793169738,0.0,11924,353720,550.0,Riverside,550.0,CD-41,192,353912
2024-12-02,18:09:00,183177,171202,0.0337915057043447,8.122638737090293e-05,11975,354379,550.0,Riverside,550.0,CD-41,192,354571
2024-12-03,23:53:00,183216,171229,0.0338190692491077,2.7563544762979064e-05,11987,354445,0.0,Riverside,0.0,CD-41,0,354445
2024-12-04,20:15:00,183216,171229,0.0338190692491077,0.0,11987,354445,0.0,Riverside,0.0,CD-41,0,354445
2024-12-05,10:16:00,183216,171229,0.0338190692491077,0.0,11987,354445,0.0,Riverside,0.0,CD-41,0,354445
2024-11-05,23:46:00,93911,91051,0.015462635568387,,2860,184962,,Los Angeles,,CD-45,,
2024-11-06,08:10:00,117378,106015,0.0508655150340431,0.0354028794656561,11363,223393,,Los Angeles,,CD-45,,
2024-11-06,17:25:00,123361,113225,0.0428427717616427,-0.0080227432724004,10136,236586,,Los Angeles,,CD-45,,
2024-11-07,17:37:00,126924,117564,0.0382840875625797,-0.0045586841990629,9360,244488,1320476.0,Los Angeles,956421.0,CD-45,80751,325239
2024-11-08,17:12:00,132973,125383,0.0293780674727894,-0.0089060200897902,7590,258356,1279549.0,Los Angeles,956421.0,CD-45,72450,330806
2024-11-09,17:44:00,137696,130795,0.0257029099671869,-0.0036751575056025,6901,268491,772152.0,Los Angeles,560000.0,CD-45,47076,315567
2024-11-10,19:32:00,138573,132445,0.0226110442848814,-0.0030918656823055,6128,271018,537452.0,Los Angeles,325300.0,CD-45,45380,316398
2024-11-11,17:07:00,143184,139276,0.0138355873398003,-0.0087754569450811,3908,282460,361195.0,Los Angeles,187300.0,CD-45,36624,319084
2024-11-12,08:08:00,143184,139276,0.0138355873398003,0.0,3908,282460,326195.0,Los Angeles,152300.0,CD-45,36371,318831
2024-11-12,17:19:00,147100,144828,0.0077827409498232,-0.006052846389977,2272,291928,268453.0,Los Angeles,141900.0,CD-45,26694,318622
2024-11-13,10:32:00,147100,144828,0.0077827409498232,0.0,2272,291928,268453.0,Los Angeles,141900.0,CD-45,26694,318622
2024-11-14,03:14:00,151395,151046,0.0011539440750427,-0.0066287968747805,349,302441,200438.0,Los Angeles,120400.0,CD-45,17104,319545
2024-11-14,18:06:00,152021,151785,0.0007768115178765,-0.0003771325571661,236,303806,174108.0,Los Angeles,99400.0,CD-45,15871,319677
2024-11-15,19:06:00,152415,152357,0.0001903061961072,-0.0005865053217692,58,304772,151311.0,Los Angeles,79400.0,CD-45,15159,319931
2024-11-16,17:52:00,152945,152981,0.0001176755163013,-7.263067980592618e-05,36,305926,147153.0,Los Angeles,79400.0,CD-45,14316,320242
2024-11-18,09:30:00,152945,152981,0.0001176755163013,0.0,36,305926,147153.0,Los Angeles,79400.0,CD-45,14316,320242
2024-11-18,18:44:00,153722,153824,0.0003316577032378,0.0002139821869365,102,307546,95379.0,Los Angeles,43800.0,CD-45,10778,318324
2024-11-19,18:02:00,154776,155090,0.0010133412507341,0.0006816835474962,314,309866,71955.0,Los Angeles,32300.0,CD-45,8276,318142
2024-11-20,17:52:00,155465,155862,0.0012751865401972,0.000261845289463,397,311327,64226.0,Los Angeles,32300.0,CD-45,6709,318036
2024-11-21,18:45:00,156096,156576,0.0015351550506601,0.0002599685104628,480,312672,46489.0,Los Angeles,19700.0,CD-45,5576,318248
2024-11-22,20:02:00,156556,157075,0.0016548109083604,0.0001196558577003,519,313631,41607.0,Los Angeles,19700.0,CD-45,4586,318217
2024-11-23,17:53:00,156882,157427,0.0017339624382375,7.915152987706883e-05,545,314309,37827.0,Los Angeles,19700.0,CD-45,3819,318128
2024-11-25,17:56:00,157041,157622,0.0018464198205699,0.0001124573823324,581,314663,32376.0,Los Angeles,19700.0,CD-45,2713,317376
2024-11-26,19:14:00,157347,157960,0.0019441369839553,9.77171633853766e-05,613,315307,32833.0,Los Angeles,19700.0,CD-45,2806,318113
2024-11-27,21:09:00,157508,158104,0.0018883946111047,-5.574237285054548e-05,596,315612,11565.0,Los Angeles,0.0,CD-45,2346,317958
2024-11-29,18:55:00,157508,158104,0.0018883946111047,0.0,596,315612,11565.0,Los Angeles,0.0,CD-45,2346,317958
2024-12-02,18:09:00,157564,158179,0.0019477866492685,5.939203816377652e-05,615,315743,11238.0,Los Angeles,0.0,CD-45,2279,318022
2024-12-03,23:53:00,157611,158264,0.0020672734467748,0.0001194867975062,653,315875,0.0,Los Angeles,0.0,CD-45,0,315875
2024-12-04,20:15:00,157611,158264,0.0020672734467748,0.0,653,315875,0.0,Los Angeles,0.0,CD-45,0,315875
2024-12-05,10:16:00,157611,158264,0.0020672734467748,0.0,653,315875,0.0,Los Angeles,0.0,CD-45,0,315875
2024-11-05,23:46:00,93911,91051,0.015462635568387,,2860,184962,,Orange,,CD-45,,
2024-11-06,08:10:00,117378,106015,0.0508655150340431,0.0354028794656561,11363,223393,,Orange,,CD-45,,
2024-11-06,17:25:00,123361,113225,0.0428427717616427,-0.0080227432724004,10136,236586,,Orange,,CD-45,,
2024-11-07,17:37:00,126924,117564,0.0382840875625797,-0.0045586841990629,9360,244488,1320476.0,Orange,364055.0,CD-45,80751,325239
2024-11-08,17:12:00,132973,125383,0.0293780674727894,-0.0089060200897902,7590,258356,1279549.0,Orange,323128.0,CD-45,72450,330806
2024-11-09,17:44:00,137696,130795,0.0257029099671869,-0.0036751575056025,6901,268491,772152.0,Orange,212152.0,CD-45,47076,315567
2024-11-10,19:32:00,138573,132445,0.0226110442848814,-0.0030918656823055,6128,271018,537452.0,Orange,212152.0,CD-45,45380,316398
2024-11-11,17:07:00,143184,139276,0.0138355873398003,-0.0087754569450811,3908,282460,361195.0,Orange,173895.0,CD-45,36624,319084
2024-11-12,08:08:00,143184,139276,0.0138355873398003,0.0,3908,282460,326195.0,Orange,173895.0,CD-45,36371,318831
2024-11-12,17:19:00,147100,144828,0.0077827409498232,-0.006052846389977,2272,291928,268453.0,Orange,126553.0,CD-45,26694,318622
2024-11-13,10:32:00,147100,144828,0.0077827409498232,0.0,2272,291928,268453.0,Orange,126553.0,CD-45,26694,318622
2024-11-14,03:14:00,151395,151046,0.0011539440750427,-0.0066287968747805,349,302441,200438.0,Orange,80038.0,CD-45,17104,319545
2024-11-14,18:06:00,152021,151785,0.0007768115178765,-0.0003771325571661,236,303806,174108.0,Orange,74708.0,CD-45,15871,319677
2024-11-15,19:06:00,152415,152357,0.0001903061961072,-0.0005865053217692,58,304772,151311.0,Orange,71911.0,CD-45,15159,319931
2024-11-16,17:52:00,152945,152981,0.0001176755163013,-7.263067980592618e-05,36,305926,147153.0,Orange,67753.0,CD-45,14316,320242
2024-11-18,09:30:00,152945,152981,0.0001176755163013,0.0,36,305926,147153.0,Orange,67753.0,CD-45,14316,320242
2024-11-18,18:44:00,153722,153824,0.0003316577032378,0.0002139821869365,102,307546,95379.0,Orange,51579.0,CD-45,10778,318324
2024-11-19,18:02:00,154776,155090,0.0010133412507341,0.0006816835474962,314,309866,71955.0,Orange,39655.0,CD-45,8276,318142
2024-11-20,17:52:00,155465,155862,0.0012751865401972,0.000261845289463,397,311327,64226.0,Orange,31926.0,CD-45,6709,318036
2024-11-21,18:45:00,156096,156576,0.0015351550506601,0.0002599685104628,480,312672,46489.0,Orange,26789.0,CD-45,5576,318248
2024-11-22,20:02:00,156556,157075,0.0016548109083604,0.0001196558577003,519,313631,41607.0,Orange,21907.0,CD-45,4586,318217
2024-11-23,17:53:00,156882,157427,0.0017339624382375,7.915152987706883e-05,545,314309,37827.0,Orange,18127.0,CD-45,3819,318128
2024-11-25,17:56:00,157041,157622,0.0018464198205699,0.0001124573823324,581,314663,32376.0,Orange,12676.0,CD-45,2713,317376
2024-11-26,19:14:00,157347,157960,0.0019441369839553,9.77171633853766e-05,613,315307,32833.0,Orange,13133.0,CD-45,2806,318113
2024-11-27,21:09:00,157508,158104,0.0018883946111047,-5.574237285054548e-05,596,315612,11565.0,Orange,11565.0,CD-45,2346,317958
2024-11-29,18:55:00,157508,158104,0.0018883946111047,0.0,596,315612,11565.0,Orange,11565.0,CD-45,2346,317958
2024-12-02,18:09:00,157564,158179,0.0019477866492685,5.939203816377652e-05,615,315743,11238.0,Orange,11238.0,CD-45,2279,318022
2024-12-03,23:53:00,157611,158264,0.0020672734467748,0.0001194867975062,653,315875,0.0,Orange,0.0,CD-45,0,315875
2024-12-04,20:15:00,157611,158264,0.0020672734467748,0.0,653,315875,0.0,Orange,0.0,CD-45,0,315875
2024-12-05,10:16:00,157611,158264,0.0020672734467748,0.0,653,315875,0.0,Orange,0.0,CD-45,0,315875
2024-11-05,23:46:00,114390,117368,0.012849610369437,,2978,231758,,Orange,,CD-47,,
2024-11-06,08:10:00,130219,127209,0.0116925897726743,-0.0011570205967627,3010,257428,,Orange,,CD-47,,
2024-11-06,17:25:00,134001,132868,0.004245528705095,-0.0074470610675792,1133,266869,,Orange,,CD-47,,
2024-11-07,17:37:00,138193,137577,0.0022337455125648,-0.0020117831925301,616,275770,364055.0,Orange,364055.0,CD-47,78991,354761
2024-11-08,17:12:00,142668,142746,0.0002732872248733,-0.0019604582876914,78,285414,328128.0,Orange,328128.0,CD-47,71196,356610
2024-11-09,17:44:00,148541,151254,0.0090495171700662,0.0087762299451928,2713,299795,212152.0,Orange,212152.0,CD-47,46032,345827
2024-11-10,19:32:00,148541,151254,0.0090495171700662,0.0,2713,299795,212152.0,Orange,212152.0,CD-47,46032,345827
2024-11-11,17:07:00,151693,154907,0.0104827136333985,0.0014331964633323,3214,306600,173895.0,Orange,173895.0,CD-47,37731,344331
2024-11-12,08:08:00,151693,154907,0.0104827136333985,0.0,3214,306600,173895.0,Orange,173895.0,CD-47,37731,344331
2024-11-12,17:19:00,158460,164372,0.0183129305645041,0.0078302169311055,5912,322832,126553.0,Orange,126553.0,CD-47,27459,350291
2024-11-13,10:32:00,158460,164372,0.0183129305645041,0.0,5912,322832,126553.0,Orange,126553.0,CD-47,27459,350291
2024-11-14,03:14:00,164311,173069,0.0259588594463216,0.0076459288818175,8758,337380,80038.0,Orange,80038.0,CD-47,17366,354746
2024-11-14,18:06:00,165056,173900,0.0260918821321941,0.0001330226858724,8844,338956,74708.0,Orange,74708.0,CD-47,16210,355166
2024-11-15,19:06:00,165337,174333,0.0264845291017752,0.0003926469695811,8996,339670,71911.0,Orange,71911.0,CD-47,15603,355273
2024-11-16,17:52:00,165959,175216,0.0271327031582032,0.000648174056428,9257,341175,67753.0,Orange,67753.0,CD-47,14701,355876
2024-11-18,09:30:00,165959,175216,0.0271327031582032,0.0,9257,341175,67753.0,Orange,67753.0,CD-47,14701,355876
2024-11-18,18:44:00,166785,176242,0.0275692583965693,0.000436555238366,9457,343027,51579.0,Orange,51579.0,CD-47,11191,354218
2024-11-19,18:02:00,168221,177918,0.028014757077359,0.0004454986807897,9697,346139,39655.0,Orange,39655.0,CD-47,8604,354743
2024-11-20,17:52:00,169167,179003,0.0282505672516299,0.0002358101742708,9836,348170,31926.0,Orange,31926.0,CD-47,6927,355097
2024-11-21,18:41:00,169718,179698,0.0285619433569155,0.0003113761052855,9980,349416,26789.0,Orange,26789.0,CD-47,5813,355229
2024-11-22,20:02:00,170323,180378,0.0286711472165748,0.0001092038596592,10055,350701,21907.0,Orange,21907.0,CD-47,4753,355454
2024-11-23,17:53:00,170807,180928,0.0287745035324889,0.0001033563159141,10121,351735,18127.0,Orange,18127.0,CD-47,3933,355668
2024-11-25,17:56:00,170962,181085,0.0287546833235335,-1.982020895544348e-05,10123,352047,12676.0,Orange,12676.0,CD-47,2750,354797
2024-11-26,19:14:00,171378,181501,0.0286868870065943,-6.77963169391782e-05,10123,352879,13133.0,Orange,13133.0,CD-47,2850,355729
2024-11-27,21:09:00,171501,181655,0.0287521661815175,6.527917492318847e-05,10154,353156,11565.0,Orange,11565.0,CD-47,2509,355665
2024-11-29,18:55:00,171501,181655,0.0287521661815175,0.0,10154,353156,11565.0,Orange,11565.0,CD-47,2509,355665
2024-12-02,18:09:00,171524,181694,0.0287924171474839,4.0250965966475566e-05,10170,353218,11238.0,Orange,11238.0,CD-47,2438,355656
2024-12-03,23:53:00,171554,181721,0.0287792795980468,-1.3137549437144956e-05,10167,353275,0.0,Orange,0.0,CD-47,0,353275
2024-12-04,20:15:00,171554,181721,0.0287792795980468,0.0,10167,353275,0.0,Orange,0.0,CD-47,0,353275
2024-12-05,10:16:00,171554,181721,0.0287792795980468,0.0,10167,353275,0.0,Orange,0.0,CD-47,0,353275
2024-11-05,23:46:00,112477,125267,0.053797361868228,,12790,237744,,Orange,,CD-49,,
2024-11-06,08:10:00,132100,137211,0.0189780588241846,-0.0348193030440433,5111,269311,,Orange,,CD-49,,
2024-11-06,17:25:00,133642,138863,0.0191592814810737,0.000181222656889,5221,272505,,Orange,,CD-49,,
2024-11-07,17:37:00,139354,145722,0.0223379028750228,0.003178621393949,6368,285076,858293.0,Orange,364055.0,CD-49,92293,377369
2024-11-08,17:12:00,140869,147300,0.0223167655091283,-2.113736589447537e-05,6431,288169,822366.0,Orange,328128.0,CD-49,89827,377996
2024-11-09,17:44:00,156630,167787,0.0343909227938116,0.0120741572846833,11157,324417,462152.0,Orange,212152.0,CD-49,48607,373024
2024-11-10,19:32:00,156630,167787,0.0343909227938116,0.0,11157,324417,352152.0,Orange,212152.0,CD-49,33629,358046
2024-11-11,17:07:00,165139,179184,0.0407901882825138,0.0063992654887021,14045,344323,313895.0,Orange,173895.0,CD-49,31003,375326
2024-11-12,08:08:00,165139,179184,0.0407901882825138,0.0,14045,344323,303838.0,Orange,173895.0,CD-49,29633,373956
2024-11-12,17:19:00,167492,181691,0.0406634916361907,-0.000126696646323,14199,349183,256496.0,Orange,126553.0,CD-49,26383,375566
2024-11-13,10:32:00,167491,181691,0.0406664719258151,2.980289624428256e-06,14200,349182,256496.0,Orange,126553.0,CD-49,26383,375565
2024-11-14,03:14:00,173825,189810,0.0439589148459306,0.0032924429201154,15985,363635,147038.0,Orange,80038.0,CD-49,14618,378253
2024-11-14,18:06:00,174072,190042,0.0438598900344397,-9.90248114909123e-05,15970,364114,141708.0,Orange,74708.0,CD-49,14252,378366
2024-11-15,19:06:00,175426,192312,0.0459185615846064,0.0020586715501666,16886,367738,118411.0,Orange,71911.0,CD-49,11269,379007
2024-11-16,17:52:00,175656,192513,0.0457860384768951,-0.0001325231077113,16857,368169,114253.0,Orange,67753.0,CD-49,10984,379153
2024-11-18,09:30:00,175656,192513,0.0457860384768951,0.0,16857,368169,114253.0,Orange,67753.0,CD-49,10984,379153
2024-11-18,18:44:00,175967,192719,0.0454370385639812,-0.0003489999129138,16752,368686,98079.0,Orange,51579.0,CD-49,9873,378559
2024-11-19,18:02:00,176524,193114,0.0448817491708103,-0.0005552893931709,16590,369638,86155.0,Orange,39655.0,CD-49,9054,378692
2024-11-20,17:52:00,176859,193357,0.0445631739308943,-0.0003185752399159,16498,370216,78426.0,Orange,31926.0,CD-49,8524,378740
2024-11-21,18:41:00,179384,196056,0.0444065629661197,-0.0001566109647746,16672,375440,38789.0,Orange,26789.0,CD-49,3473,378913
2024-11-22,20:02:00,179540,196182,0.0442933871319752,-0.0001131758341445,16642,375722,33907.0,Orange,21907.0,CD-49,3138,378860
2024-11-23,17:53:00,179832,196423,0.0440950950817929,-0.0001982920501823,16591,376255,30127.0,Orange,18127.0,CD-49,2879,379134
2024-11-25,17:56:00,179890,196473,0.0440611856107003,-3.390947109262882e-05,16583,376363,24676.0,Orange,12676.0,CD-49,2504,378867
2024-11-26,19:14:00,180041,196569,0.0438862483736491,-0.0001749372370511,16528,376610,25133.0,Orange,13133.0,CD-49,2536,379146
2024-11-27,21:09:00,180846,197309,0.0435350583755338,-0.0003511899981152,16463,378155,23565.0,Orange,11565.0,CD-49,2428,380583
2024-11-29,18:55:00,180846,197309,0.0435350583755338,0.0,16463,378155,11565.0,Orange,11565.0,CD-49,794,378949
2024-12-02,18:09:00,180857,197316,0.0435224090561727,-1.2649319361138224e-05,16459,378173,11238.0,Orange,11238.0,CD-49,772,378945
2024-12-03,23:53:00,180950,197397,0.0434706763896634,-5.173266650924935e-05,16447,378347,0.0,Orange,0.0,CD-49,0,378347
2024-12-04,20:15:00,180950,197397,0.0434706763896634,0.0,16447,378347,0.0,Orange,0.0,CD-49,0,378347
2024-12-05,10:16:00,180950,197397,0.0434706763896634,0.0,16447,378347,0.0,Orange,0.0,CD-49,0,378347
2024-11-05,23:46:00,112477,125267,0.053797361868228,,12790,237744,,San Diego,,CD-49,,
2024-11-06,08:10:00,132100,137211,0.0189780588241846,-0.0348193030440433,5111,269311,,San Diego,,CD-49,,
2024-11-06,17:25:00,133642,138863,0.0191592814810737,0.000181222656889,5221,272505,,San Diego,,CD-49,,
2024-11-07,17:37:00,139354,145722,0.0223379028750228,0.003178621393949,6368,285076,858293.0,San Diego,494238.0,CD-49,92293,377369
2024-11-08,17:12:00,140869,147300,0.0223167655091283,-2.113736589447537e-05,6431,288169,822366.0,San Diego,494238.0,CD-49,89827,377996
2024-11-09,17:44:00,156630,167787,0.0343909227938116,0.0120741572846833,11157,324417,462152.0,San Diego,250000.0,CD-49,48607,373024
2024-11-10,19:32:00,156630,167787,0.0343909227938116,0.0,11157,324417,352152.0,San Diego,140000.0,CD-49,33629,358046
2024-11-11,17:07:00,165139,179184,0.0407901882825138,0.0063992654887021,14045,344323,313895.0,San Diego,140000.0,CD-49,31003,375326
2024-11-12,08:08:00,165139,179184,0.0407901882825138,0.0,14045,344323,303838.0,San Diego,129943.0,CD-49,29633,373956
2024-11-12,17:19:00,167492,181691,0.0406634916361907,-0.000126696646323,14199,349183,256496.0,San Diego,129943.0,CD-49,26383,375566
2024-11-13,10:32:00,167491,181691,0.0406664719258151,2.980289624428256e-06,14200,349182,256496.0,San Diego,129943.0,CD-49,26383,375565
2024-11-14,03:14:00,173825,189810,0.0439589148459306,0.0032924429201154,15985,363635,147038.0,San Diego,67000.0,CD-49,14618,378253
2024-11-14,18:06:00,174072,190042,0.0438598900344397,-9.90248114909123e-05,15970,364114,141708.0,San Diego,67000.0,CD-49,14252,378366
2024-11-15,19:06:00,175426,192312,0.0459185615846064,0.0020586715501666,16886,367738,118411.0,San Diego,46500.0,CD-49,11269,379007
2024-11-16,17:52:00,175656,192513,0.0457860384768951,-0.0001325231077113,16857,368169,114253.0,San Diego,46500.0,CD-49,10984,379153
2024-11-18,09:30:00,175656,192513,0.0457860384768951,0.0,16857,368169,114253.0,San Diego,46500.0,CD-49,10984,379153
2024-11-18,18:44:00,175967,192719,0.0454370385639812,-0.0003489999129138,16752,368686,98079.0,San Diego,46500.0,CD-49,9873,378559
2024-11-19,18:02:00,176524,193114,0.0448817491708103,-0.0005552893931709,16590,369638,86155.0,San Diego,46500.0,CD-49,9054,378692
2024-11-20,17:52:00,176859,193357,0.0445631739308943,-0.0003185752399159,16498,370216,78426.0,San Diego,46500.0,CD-49,8524,378740
2024-11-21,18:41:00,179384,196056,0.0444065629661197,-0.0001566109647746,16672,375440,38789.0,San Diego,12000.0,CD-49,3473,378913
2024-11-22,20:02:00,179540,196182,0.0442933871319752,-0.0001131758341445,16642,375722,33907.0,San Diego,12000.0,CD-49,3138,378860
2024-11-23,17:53:00,179832,196423,0.0440950950817929,-0.0001982920501823,16591,376255,30127.0,San Diego,12000.0,CD-49,2879,379134
2024-11-25,17:56:00,179890,196473,0.0440611856107003,-3.390947109262882e-05,16583,376363,24676.0,San Diego,12000.0,CD-49,2504,378867
2024-11-26,19:14:00,180041,196569,0.0438862483736491,-0.0001749372370511,16528,376610,25133.0,San Diego,12000.0,CD-49,2536,379146
2024-11-27,21:09:00,180846,197309,0.0435350583755338,-0.0003511899981152,16463,378155,23565.0,San Diego,12000.0,CD-49,2428,380583
2024-11-29,18:55:00,180846,197309,0.0435350583755338,0.0,16463,378155,11565.0,San Diego,0.0,CD-49,794,378949
2024-12-02,18:09:00,180857,197316,0.0435224090561727,-1.2649319361138224e-05,16459,378173,11238.0,San Diego,0.0,CD-49,772,378945
2024-12-03,23:53:00,180950,197397,0.0434706763896634,-5.173266650924935e-05,16447,378347,0.0,San Diego,0.0,CD-49,0,378347
2024-12-04,20:15:00,180950,197397,0.0434706763896634,0.0,16447,378347,0.0,San Diego,0.0,CD-49,0,378347
2024-12-05,10:16:00,180950,197397,0.0434706763896634,0.0,16447,378347,0.0,San Diego,0.0,CD-49,0,378347
2024-11-06,08:10:00,90791,91382,0.0032441690041883,,591,182173,,Alameda,,SD-5,,
2024-11-06,17:25:00,90791,91382,0.0032441690041883,0.0,591,182173,,Alameda,,SD-5,,
2024-11-07,17:37:00,90791,91382,0.0032441690041883,0.0,591,182173,569056.0,Alameda,460245.0,SD-5,145254,327427
2024-11-08,17:12:00,98513,105250,0.0330629211387739,0.0298187521345856,6737,203763,569056.0,Alameda,460245.0,SD-5,145254,349017
2024-11-09,17:44:00,108281,116027,0.0345328744405014,0.0014699533017274,7746,224308,569056.0,Alameda,460245.0,SD-5,145254,369562
2024-11-10,19:32:00,108281,116027,0.0345328744405014,0.0,7746,224308,569056.0,Alameda,460245.0,SD-5,145254,369562
2024-11-11,17:07:00,115760,129324,0.0553442901209381,0.0208114156804366,13564,245084,569056.0,Alameda,460245.0,SD-5,145254,390338
2024-11-12,08:08:00,129233,144213,0.0547822970531658,-0.0005619930677722,14980,273446,241506.0,Alameda,187135.0,SD-5,67467,340913
2024-11-12,19:20:00,129233,144213,0.0547822970531658,0.0,14980,273446,241506.0,Alameda,187135.0,SD-5,67467,340913
2024-11-13,10:32:00,129233,144213,0.0547822970531658,0.0,14980,273446,241506.0,Alameda,187135.0,SD-5,67467,340913
2024-11-14,03:14:00,145608,159769,0.0463721891301571,-0.0084101079230087,14161,305377,210946.0,Alameda,187135.0,SD-5,42102,347479
2024-11-14,18:06:00,145608,159769,0.0463721891301571,0.0,14161,305377,210946.0,Alameda,187135.0,SD-5,42102,347479
2024-11-15,19:06:00,161452,182019,0.0598798734099822,0.013507684279825,20567,343471,41486.0,Alameda,17675.0,SD-5,21873,365344
2024-11-16,17:52:00,161452,182019,0.0598798734099822,0.0,20567,343471,28758.0,Alameda,17675.0,SD-5,11309,354780
2024-11-18,09:30:00,161452,182019,0.0598798734099822,0.0,20567,343471,28758.0,Alameda,17675.0,SD-5,11309,354780
2024-11-18,18:44:00,161557,182113,0.0598131928885267,-6.668052145542697e-05,20556,343670,28758.0,Alameda,17675.0,SD-5,11309,354979
2024-11-19,18:02:00,161557,182113,0.0598131928885267,0.0,20556,343670,28542.0,Alameda,17675.0,SD-5,11130,354800
2024-11-20,17:52:00,162659,184012,0.0615944223774125,0.0017812294888858,21353,346671,28542.0,Alameda,17675.0,SD-5,11130,357801
2024-11-21,18:41:00,162659,184012,0.0615944223774125,0.0,21353,346671,9765.0,Alameda,0.0,SD-5,8105,354776
2024-11-22,20:02:00,163231,184515,0.0612055925876933,-0.0003888297897192,21284,347746,9765.0,Alameda,0.0,SD-5,8105,355851
2024-11-23,17:53:00,163231,184515,0.0612055925876933,0.0,21284,347746,9104.0,Alameda,0.0,SD-5,7556,355302
2024-11-25,17:56:00,164373,185406,0.060132254938118,-0.0010733376495752,21033,349779,9104.0,Alameda,0.0,SD-5,7556,357335
2024-11-26,19:14:00,164373,185406,0.060132254938118,0.0,21033,349779,6248.0,Alameda,0.0,SD-5,5186,354965
2024-11-27,21:09:00,166723,187213,0.0578918222503503,-0.0022404326877677,20490,353936,6248.0,Alameda,0.0,SD-5,5186,359122
2024-11-29,18:55:00,167490,188044,0.0578116298300584,-8.019242029189827e-05,20554,355534,2311.0,Alameda,0.0,SD-5,1918,357452
2024-12-02,18:09:00,169089,189618,0.0572305530697756,-0.0005810767602828,20529,358707,0.0,Alameda,0.0,SD-5,0,358707
2024-12-03,23:53:00,169136,189668,0.0572234423250576,-7.110744717923889e-06,20532,358804,0.0,Alameda,0.0,SD-5,0,358804
2024-12-04,20:15:00,169136,189668,0.0572234423250576,0.0,20532,358804,0.0,Alameda,0.0,SD-5,0,358804
2024-12-05,10:16:00,169136,189668,0.0572234423250576,0.0,20532,358804,0.0,Alameda,0.0,SD-5,0,358804
2024-11-06,08:10:00,90791,91382,0.0032441690041883,,591,182173,,San Joaquin,,SD-5,,
2024-11-06,17:25:00,90791,91382,0.0032441690041883,0.0,591,182173,,San Joaquin,,SD-5,,
2024-11-07,17:37:00,90791,91382,0.0032441690041883,0.0,591,182173,569056.0,San Joaquin,108811.0,SD-5,145254,327427
2024-11-08,17:12:00,98513,105250,0.0330629211387739,0.0298187521345856,6737,203763,569056.0,San Joaquin,108811.0,SD-5,145254,349017
2024-11-09,17:44:00,108281,116027,0.0345328744405014,0.0014699533017274,7746,224308,569056.0,San Joaquin,108811.0,SD-5,145254,369562
2024-11-10,19:32:00,108281,116027,0.0345328744405014,0.0,7746,224308,569056.0,San Joaquin,108811.0,SD-5,145254,369562
2024-11-11,17:07:00,115760,129324,0.0553442901209381,0.0208114156804366,13564,245084,569056.0,San Joaquin,108811.0,SD-5,145254,390338
2024-11-12,08:08:00,129233,144213,0.0547822970531658,-0.0005619930677722,14980,273446,241506.0,San Joaquin,54371.0,SD-5,67467,340913
2024-11-12,19:20:00,129233,144213,0.0547822970531658,0.0,14980,273446,241506.0,San Joaquin,54371.0,SD-5,67467,340913
2024-11-13,10:32:00,129233,144213,0.0547822970531658,0.0,14980,273446,241506.0,San Joaquin,54371.0,SD-5,67467,340913
2024-11-14,03:14:00,145608,159769,0.0463721891301571,-0.0084101079230087,14161,305377,210946.0,San Joaquin,23811.0,SD-5,42102,347479
2024-11-14,18:06:00,145608,159769,0.0463721891301571,0.0,14161,305377,210946.0,San Joaquin,23811.0,SD-5,42102,347479
2024-11-15,19:06:00,161452,182019,0.0598798734099822,0.013507684279825,20567,343471,41486.0,San Joaquin,23811.0,SD-5,21873,365344
2024-11-16,17:52:00,161452,182019,0.0598798734099822,0.0,20567,343471,28758.0,San Joaquin,11083.0,SD-5,11309,354780
2024-11-18,09:30:00,161452,182019,0.0598798734099822,0.0,20567,343471,28758.0,San Joaquin,11083.0,SD-5,11309,354780
2024-11-18,18:44:00,161557,182113,0.0598131928885267,-6.668052145542697e-05,20556,343670,28758.0,San Joaquin,11083.0,SD-5,11309,354979
2024-11-19,18:02:00,161557,182113,0.0598131928885267,0.0,20556,343670,28542.0,San Joaquin,10867.0,SD-5,11130,354800
2024-11-20,17:52:00,162659,184012,0.0615944223774125,0.0017812294888858,21353,346671,28542.0,San Joaquin,10867.0,SD-5,11130,357801
2024-11-21,18:41:00,162659,184012,0.0615944223774125,0.0,21353,346671,9765.0,San Joaquin,9765.0,SD-5,8105,354776
2024-11-22,20:02:00,163231,184515,0.0612055925876933,-0.0003888297897192,21284,347746,9765.0,San Joaquin,9765.0,SD-5,8105,355851
2024-11-23,17:53:00,163231,184515,0.0612055925876933,0.0,21284,347746,9104.0,San Joaquin,9104.0,SD-5,7556,355302
2024-11-25,17:56:00,164373,185406,0.060132254938118,-0.0010733376495752,21033,349779,9104.0,San Joaquin,9104.0,SD-5,7556,357335
2024-11-26,19:14:00,164373,185406,0.060132254938118,0.0,21033,349779,6248.0,San Joaquin,6248.0,SD-5,5186,354965
2024-11-27,21:09:00,166723,187213,0.0578918222503503,-0.0022404326877677,20490,353936,6248.0,San Joaquin,6248.0,SD-5,5186,359122
2024-11-29,18:55:00,167490,188044,0.0578116298300584,-8.019242029189827e-05,20554,355534,2311.0,San Joaquin,2311.0,SD-5,1918,357452
2024-12-02,18:09:00,169089,189618,0.0572305530697756,-0.0005810767602828,20529,358707,0.0,San Joaquin,0.0,SD-5,0,358707
2024-12-03,23:53:00,169136,189668,0.0572234423250576,-7.110744717923889e-06,20532,358804,0.0,San Joaquin,0.0,SD-5,0,358804
2024-12-04,20:15:00,169136,189668,0.0572234423250576,0.0,20532,358804,0.0,San Joaquin,0.0,SD-5,0,358804
2024-12-05,10:16:00,169136,189668,0.0572234423250576,0.0,20532,358804,0.0,San Joaquin,0.0,SD-5,0,358804
2024-11-05,23:55:00,106099,103653,0.0116613905946069,,2446,209752,,Riverside,,SD-19,,
2024-11-06,08:10:00,129869,115468,0.0586988509682599,0.047037460373653,14401,245337,,Riverside,,SD-19,,
2024-11-06,17:25:00,136705,119917,0.0654191768437624,0.0067203258755024,16788,256622,,Riverside,,SD-19,,
2024-11-07,17:37:00,141582,123971,0.0663182114304865,0.0008990345867241,17611,265553,609450.0,Riverside,350000.0,SD-19,120660,386213
2024-11-08,17:12:00,142428,124582,0.0668364480731058,0.0005182366426193,17846,267010,586630.0,Riverside,350000.0,SD-19,116501,383511
2024-11-09,17:44:00,153626,134890,0.0649392061445465,-0.0018972419285592,18736,288516,461630.0,Riverside,225000.0,SD-19,90297,378813
2024-11-10,19:32:00,153626,134890,0.0649392061445465,0.0,18736,288516,461630.0,Riverside,225000.0,SD-19,90297,378813
2024-11-11,17:07:00,158684,137700,0.0708000431872165,0.00586083704267,20984,296384,461630.0,Riverside,225000.0,SD-19,90297,386681
2024-11-12,08:08:00,164501,143515,0.0681328242688691,-0.0026672189183474,20986,308016,364520.0,Riverside,165000.0,SD-19,70955,378971
2024-11-12,19:20:00,174086,149893,0.0746745931063433,0.0065417688374741,24193,323979,364520.0,Riverside,165000.0,SD-19,70955,394934
2024-11-13,10:32:00,174086,149893,0.0746745931063433,0.0,24193,323979,296350.0,Riverside,105000.0,SD-19,56888,380867
2024-11-14,03:14:00,183122,155857,0.0804327111708985,0.0057581180645551,27265,338979,264050.0,Riverside,105000.0,SD-19,51001,389980
2024-11-14,18:06:00,188715,159581,0.0836472425752807,0.0032145314043822,29134,348296,171575.0,Riverside,47500.0,SD-19,32572,380868
2024-11-15,19:06:00,193243,162792,0.0855281081916103,0.0018808656163295,30451,356035,122100.0,Riverside,37500.0,SD-19,23281,379316
2024-11-16,17:52:00,196246,164658,0.0875246602974752,0.0019965521058648,31588,360904,97200.0,Riverside,35600.0,SD-19,18691,379595
2024-11-18,09:30:00,196246,164658,0.0875246602974752,0.0,31588,360904,96800.0,Riverside,35200.0,SD-19,18607,379511
2024-11-18,18:44:00,201808,167613,0.09256376870833,0.0050391084108548,34195,369421,58300.0,Riverside,35200.0,SD-19,11589,381010
2024-11-19,18:02:00,202912,168450,0.0927989401177288,0.0002351714093987,34462,371362,57010.0,Riverside,34200.0,SD-19,11327,382689
2024-11-20,17:52:00,203783,169127,0.0929339518918773,0.0001350117741485,34656,372910,54401.0,Riverside,31900.0,SD-19,10788,383698
2024-11-21,18:41:00,204869,170066,0.0928240895088482,-0.0001098623830291,34803,374935,47101.0,Riverside,24600.0,SD-19,9258,384193
2024-11-22,20:02:00,206206,171020,0.0932756490803921,0.0004515595715439,35186,377226,33050.0,Riverside,15600.0,SD-19,6451,383677
2024-11-23,17:53:00,206467,171193,0.0934014722236932,0.0001258231433011,35274,377660,26950.0,Riverside,9500.0,SD-19,5172,382832
2024-11-25,17:56:00,208481,172393,0.0947504949143286,0.0013490226906353,36088,380874,11400.0,Riverside,7000.0,SD-19,2269,383143
2024-11-26,19:14:00,208705,172588,0.0947224313061084,-2.8063608220191272e-05,36117,381293,9700.0,Riverside,5300.0,SD-19,1913,383206
2024-11-27,21:09:00,209515,173125,0.0951024461634957,0.0003800148573872,36390,382640,2650.0,Riverside,2200.0,SD-19,543,383183
2024-11-29,18:55:00,209515,173125,0.0951024461634957,0.0,36390,382640,1000.0,Riverside,550.0,SD-19,197,382837
2024-12-02,18:09:00,209588,173195,0.0950747551484783,-2.7691015017330955e-05,36393,382783,1000.0,Riverside,550.0,SD-19,197,382980
2024-12-03,23:53:00,209739,173291,0.0951570373077826,8.228215930429494e-05,36448,383030,0.0,Riverside,0.0,SD-19,0,383030
2024-12-04,20:15:00,209739,173291,0.0951570373077826,0.0,36448,383030,0.0,Riverside,0.0,SD-19,0,383030
2024-12-05,10:16:00,209739,173291,0.0951570373077826,0.0,36448,383030,0.0,Riverside,0.0,SD-19,0,383030
2024-11-05,23:55:00,106099,103653,0.0116613905946069,,2446,209752,,San Bernardino,,SD-19,,
2024-11-06,08:10:00,129869,115468,0.0586988509682599,0.047037460373653,14401,245337,,San Bernardino,,SD-19,,
2024-11-06,17:25:00,136705,119917,0.0654191768437624,0.0067203258755024,16788,256622,,San Bernardino,,SD-19,,
2024-11-07,17:37:00,141582,123971,0.0663182114304865,0.0008990345867241,17611,265553,609450.0,San Bernardino,259450.0,SD-19,120660,386213
2024-11-08,17:12:00,142428,124582,0.0668364480731058,0.0005182366426193,17846,267010,586630.0,San Bernardino,236630.0,SD-19,116501,383511
2024-11-09,17:44:00,153626,134890,0.0649392061445465,-0.0018972419285592,18736,288516,461630.0,San Bernardino,236630.0,SD-19,90297,378813
2024-11-10,19:32:00,153626,134890,0.0649392061445465,0.0,18736,288516,461630.0,San Bernardino,236630.0,SD-19,90297,378813
2024-11-11,17:07:00,158684,137700,0.0708000431872165,0.00586083704267,20984,296384,461630.0,San Bernardino,236630.0,SD-19,90297,386681
2024-11-12,08:08:00,164501,143515,0.0681328242688691,-0.0026672189183474,20986,308016,364520.0,San Bernardino,199520.0,SD-19,70955,378971
2024-11-12,19:20:00,174086,149893,0.0746745931063433,0.0065417688374741,24193,323979,364520.0,San Bernardino,199520.0,SD-19,70955,394934
2024-11-13,10:32:00,174086,149893,0.0746745931063433,0.0,24193,323979,296350.0,San Bernardino,191350.0,SD-19,56888,380867
2024-11-14,03:14:00,183122,155857,0.0804327111708985,0.0057581180645551,27265,338979,264050.0,San Bernardino,159050.0,SD-19,51001,389980
2024-11-14,18:06:00,188715,159581,0.0836472425752807,0.0032145314043822,29134,348296,171575.0,San Bernardino,124075.0,SD-19,32572,380868
2024-11-15,19:06:00,193243,162792,0.0855281081916103,0.0018808656163295,30451,356035,122100.0,San Bernardino,84600.0,SD-19,23281,379316
2024-11-16,17:52:00,196246,164658,0.0875246602974752,0.0019965521058648,31588,360904,97200.0,San Bernardino,61600.0,SD-19,18691,379595
2024-11-18,09:30:00,196246,164658,0.0875246602974752,0.0,31588,360904,96800.0,San Bernardino,61600.0,SD-19,18607,379511
2024-11-18,18:44:00,201808,167613,0.09256376870833,0.0050391084108548,34195,369421,58300.0,San Bernardino,23100.0,SD-19,11589,381010
2024-11-19,18:02:00,202912,168450,0.0927989401177288,0.0002351714093987,34462,371362,57010.0,San Bernardino,22810.0,SD-19,11327,382689
2024-11-20,17:52:00,203783,169127,0.0929339518918773,0.0001350117741485,34656,372910,54401.0,San Bernardino,22501.0,SD-19,10788,383698
2024-11-21,18:41:00,204869,170066,0.0928240895088482,-0.0001098623830291,34803,374935,47101.0,San Bernardino,22501.0,SD-19,9258,384193
2024-11-22,20:02:00,206206,171020,0.0932756490803921,0.0004515595715439,35186,377226,33050.0,San Bernardino,17450.0,SD-19,6451,383677
2024-11-23,17:53:00,206467,171193,0.0934014722236932,0.0001258231433011,35274,377660,26950.0,San Bernardino,17450.0,SD-19,5172,382832
2024-11-25,17:56:00,208481,172393,0.0947504949143286,0.0013490226906353,36088,380874,11400.0,San Bernardino,4400.0,SD-19,2269,383143
2024-11-26,19:14:00,208705,172588,0.0947224313061084,-2.8063608220191272e-05,36117,381293,9700.0,San Bernardino,4400.0,SD-19,1913,383206
2024-11-27,21:09:00,209515,173125,0.0951024461634957,0.0003800148573872,36390,382640,2650.0,San Bernardino,450.0,SD-19,543,383183
2024-11-29,18:55:00,209515,173125,0.0951024461634957,0.0,36390,382640,1000.0,San Bernardino,450.0,SD-19,197,382837
2024-12-02,18:09:00,209588,173195,0.0950747551484783,-2.7691015017330955e-05,36393,382783,1000.0,San Bernardino,450.0,SD-19,197,382980
2024-12-03,23:53:00,209739,173291,0.0951570373077826,8.228215930429494e-05,36448,383030,0.0,San Bernardino,0.0,SD-19,0,383030
2024-12-04,20:15:00,209739,173291,0.0951570373077826,0.0,36448,383030,0.0,San Bernardino,0.0,SD-19,0,383030
2024-12-05,10:16:00,209739,173291,0.0951570373077826,0.0,36448,383030,0.0,San Bernardino,0.0,SD-19,0,383030
2024-11-06,17:25:00,177844,164972,0.0375478390740222,,12872,342816,,Orange,,SD-37,,
2024-11-07,17:37:00,183680,171458,0.0344147908700279,-0.0031330482039942,12222,355138,364055.0,Orange,364055.0,SD-37,109779,464917
2024-11-08,17:12:00,191898,180408,0.0308617105284362,-0.0035530803415917,11490,372306,323128.0,Orange,323128.0,SD-37,97438,469744
2024-11-09,17:44:00,204299,193271,0.0277385114571018,-0.0031231990713343,11028,397570,212152.0,Orange,212152.0,SD-37,63973,461543
2024-11-10,19:32:00,204299,193271,0.0277385114571018,0.0,11028,397570,212152.0,Orange,212152.0,SD-37,63973,461543
2024-11-11,17:07:00,208386,197543,0.0267115677864848,-0.001026943670617,10843,405929,173895.0,Orange,173895.0,SD-37,52437,458366
2024-11-12,08:08:00,208386,197543,0.0267115677864848,0.0,10843,405929,173895.0,Orange,173895.0,SD-37,52437,458366
2024-11-12,19:20:00,215929,206508,0.0223015502903391,-0.0044100174961456,9421,422437,126553.0,Orange,126553.0,SD-37,38161,460598
2024-11-13,10:32:00,215929,206508,0.0223015502903391,0.0,9421,422437,126553.0,Orange,126553.0,SD-37,38161,460598
2024-11-14,03:14:00,223628,216012,0.0173232644891274,-0.0049782858012116,7616,439640,80038.0,Orange,80038.0,SD-37,24135,463775
2024-11-14,18:06:00,224427,216922,0.0170046833684906,-0.0003185811206367,7505,441349,74708.0,Orange,74708.0,SD-37,22528,463877
2024-11-15,19:06:00,224861,217493,0.016656343109817,-0.0003483402586736,7368,442354,71911.0,Orange,71911.0,SD-37,21684,464038
2024-11-16,17:52:00,225633,218517,0.0160216143194866,-0.0006347287903303,7116,444150,67753.0,Orange,67753.0,SD-37,20431,464581
2024-11-18,09:30:00,225633,218517,0.0160216143194866,0.0,7116,444150,67753.0,Orange,67753.0,SD-37,20431,464581
2024-11-18,18:44:00,226666,219719,0.0155627989291754,-0.0004588153903111,6947,446385,51579.0,Orange,51579.0,SD-37,15553,461938
2024-11-19,18:02:00,228405,221791,0.0146913788660938,-0.0008714200630816,6614,450196,39655.0,Orange,39655.0,SD-37,11958,462154
2024-11-20,17:52:00,229426,223041,0.0141115263654586,-0.0005798525006351,6385,452467,31926.0,Orange,31926.0,SD-37,9627,462094
2024-11-21,18:41:00,230131,223924,0.0136701500919492,-0.0004413762735094,6207,454055,26789.0,Orange,26789.0,SD-37,8078,462133
2024-11-22,20:02:00,230820,224692,0.0134529935545057,-0.0002171565374435,6128,455512,21907.0,Orange,21907.0,SD-37,6606,462118
2024-11-23,17:53:00,231358,225231,0.0134190705426543,-3.3923011851365314e-05,6127,456589,18127.0,Orange,18127.0,SD-37,5466,462055
2024-11-25,17:56:00,231566,225419,0.0134512073700449,3.2136827390633754e-05,6147,456985,12676.0,Orange,12676.0,SD-37,3822,460807
2024-11-26,19:14:00,231976,225882,0.0133098034761869,-0.000141403893858,6094,457858,13133.0,Orange,13133.0,SD-37,3960,461818
2024-11-27,21:09:00,232261,226178,0.0132689409059874,-4.0862570199449305e-05,6083,458439,11565.0,Orange,11565.0,SD-37,3487,461926
2024-11-29,18:55:00,232261,226178,0.0132689409059874,0.0,6083,458439,11565.0,Orange,11565.0,SD-37,3487,461926
2024-12-02,18:09:00,232309,226225,0.0132683726833778,-5.682226095950899e-07,6084,458534,11238.0,Orange,11238.0,SD-37,3389,461923
2024-12-03,23:53:00,232345,226270,0.0132464049366025,-2.1967746775299057e-05,6075,458615,0.0,Orange,0.0,SD-37,0,458615
2024-12-04,20:15:00,232345,226270,0.0132464049366025,0.0,6075,458615,0.0,Orange,0.0,SD-37,0,458615
2024-12-05,10:16:00,232345,226270,0.0132464049366025,0.0,6075,458615,0.0,Orange,0.0,SD-37,0,458615
2024-11-06,08:10:00,76366,77665,0.008433367309178,,1299,154031,,Riverside,,AD-47,,
2024-11-06,17:25:00,79882,80590,0.0044119846452963,-0.0040213826638816,708,160472,,Riverside,,AD-47,,
2024-11-07,17:37:00,82601,83241,0.0038590948010757,-0.0005528898442206,640,165842,609450.0,Riverside,350000.0,AD-47,67247,233089
2024-11-08,17:12:00,82601,83241,0.0038590948010757,0.0,640,165842,586630.0,Riverside,350000.0,AD-47,66101,231943
2024-11-09,17:44:00,90634,90917,0.0015587906428496,-0.002300304158226,283,181551,461630.0,Riverside,225000.0,AD-47,46739,228290
2024-11-11,17:07:00,92611,91946,0.0036032228525604,0.0020444322097107,665,184557,461630.0,Riverside,225000.0,AD-47,46739,231296
2024-11-12,08:08:00,97452,97183,0.0013820741387725,-0.0022211487137878,269,194635,364520.0,Riverside,165000.0,AD-47,35581,230216
2024-11-12,19:20:00,102414,101299,0.0054733865781761,0.0040913124394035,1115,203713,364520.0,Riverside,165000.0,AD-47,35581,239294
2024-11-13,10:32:00,102414,101299,0.0054733865781761,0.0,1115,203713,296350.0,Riverside,105000.0,AD-47,25877,229590
2024-11-14,03:14:00,106617,104573,0.0096784885647994,0.0042051019866233,2044,211190,264050.0,Riverside,105000.0,AD-47,24254,235444
2024-11-14,18:06:00,109645,106716,0.0135375599114443,0.0038590713466448,2929,216361,171575.0,Riverside,47500.0,AD-47,13591,229952
2024-11-15,19:06:00,111432,107948,0.0158811195186434,0.0023435596071991,3484,219380,122100.0,Riverside,37500.0,AD-47,10059,229439
2024-11-16,17:52:00,112580,108684,0.0176079253742136,0.0017268058555701,3896,221264,97200.0,Riverside,35600.0,AD-47,8609,229873
2024-11-18,09:30:00,112580,108684,0.0176079253742136,0.0,3896,221264,96800.0,Riverside,35200.0,AD-47,8547,229811
2024-11-18,18:44:00,114804,109975,0.021483323620089,0.0038753982458754,4829,224779,58300.0,Riverside,35200.0,AD-47,6613,231392
2024-11-19,18:02:00,115601,110628,0.0219821508294692,0.0004988272093801,4973,226229,57010.0,Riverside,34200.0,AD-47,6443,232672
2024-11-20,17:52:00,116221,111142,0.0223387270576127,0.0003565762281434,5079,227363,54401.0,Riverside,31900.0,AD-47,6072,233435
2024-11-21,18:41:00,116828,111845,0.0217909416503041,-0.0005477854073085,4983,228673,47101.0,Riverside,24600.0,AD-47,4941,233614
2024-11-22,20:02:00,117587,112439,0.0223800787737038,0.0005891371233996,5148,230026,33050.0,Riverside,15600.0,AD-47,3293,233319
2024-11-23,17:53:00,117835,112609,0.022677960806096,0.0002978820323922,5226,230444,26950.0,Riverside,9500.0,AD-47,2348,232792
2024-11-25,17:56:00,118510,113056,0.0235526804453158,0.0008747196392197,5454,231566,11400.0,Riverside,7000.0,AD-47,1305,232871
2024-11-26,19:14:00,118697,113222,0.0236073801629017,5.4699717585895286e-05,5475,231919,9700.0,Riverside,5300.0,AD-47,1042,232961
2024-11-27,21:09:00,118948,113430,0.0237457934916386,0.0001384133287369,5518,232378,2650.0,Riverside,2200.0,AD-47,363,232741
2024-11-29,18:55:00,118948,113430,0.0237457934916386,0.0,5518,232378,1000.0,Riverside,550.0,AD-47,108,232486
2024-12-02,18:09:00,118987,113472,0.0237246138028641,-2.117968877446072e-05,5515,232459,1000.0,Riverside,550.0,AD-47,108,232567
2024-12-03,23:53:00,119072,113538,0.0237908946304974,6.628082763323814e-05,5534,232610,0.0,Riverside,0.0,AD-47,0,232610
2024-12-04,20:15:00,119072,113538,0.0237908946304974,0.0,5534,232610,0.0,Riverside,0.0,AD-47,0,232610
2024-12-05,10:16:00,119072,113538,0.0237908946304974,0.0,5534,232610,0.0,Riverside,0.0,AD-47,0,232610
2024-11-06,08:10:00,76366,77665,0.008433367309178,,1299,154031,,San Bernardino,,AD-47,,
2024-11-06,17:25:00,79882,80590,0.0044119846452963,-0.0040213826638816,708,160472,,San Bernardino,,AD-47,,
2024-11-07,17:37:00,82601,83241,0.0038590948010757,-0.0005528898442206,640,165842,609450.0,San Bernardino,259450.0,AD-47,67247,233089
2024-11-08,17:12:00,82601,83241,0.0038590948010757,0.0,640,165842,586630.0,San Bernardino,236630.0,AD-47,66101,231943
2024-11-09,17:44:00,90634,90917,0.0015587906428496,-0.002300304158226,283,181551,461630.0,San Bernardino,236630.0,AD-47,46739,228290
2024-11-11,17:07:00,92611,91946,0.0036032228525604,0.0020444322097107,665,184557,461630.0,San Bernardino,236630.0,AD-47,46739,231296
2024-11-12,08:08:00,97452,97183,0.0013820741387725,-0.0022211487137878,269,194635,364520.0,San Bernardino,199520.0,AD-47,35581,230216
2024-11-12,19:20:00,102414,101299,0.0054733865781761,0.0040913124394035,1115,203713,364520.0,San Bernardino,199520.0,AD-47,35581,239294
2024-11-13,10:32:00,102414,101299,0.0054733865781761,0.0,1115,203713,296350.0,San Bernardino,191350.0,AD-47,25877,229590
2024-11-14,03:14:00,106617,104573,0.0096784885647994,0.0042051019866233,2044,211190,264050.0,San Bernardino,159050.0,AD-47,24254,235444
2024-11-14,18:06:00,109645,106716,0.0135375599114443,0.0038590713466448,2929,216361,171575.0,San Bernardino,124075.0,AD-47,13591,229952
2024-11-15,19:06:00,111432,107948,0.0158811195186434,0.0023435596071991,3484,219380,122100.0,San Bernardino,84600.0,AD-47,10059,229439
2024-11-16,17:52:00,112580,108684,0.0176079253742136,0.0017268058555701,3896,221264,97200.0,San Bernardino,61600.0,AD-47,8609,229873
2024-11-18,09:30:00,112580,108684,0.0176079253742136,0.0,3896,221264,96800.0,San Bernardino,61600.0,AD-47,8547,229811
2024-11-18,18:44:00,114804,109975,0.021483323620089,0.0038753982458754,4829,224779,58300.0,San Bernardino,23100.0,AD-47,6613,231392
2024-11-19,18:02:00,115601,110628,0.0219821508294692,0.0004988272093801,4973,226229,57010.0,San Bernardino,22810.0,AD-47,6443,232672
2024-11-20,17:52:00,116221,111142,0.0223387270576127,0.0003565762281434,5079,227363,54401.0,San Bernardino,22501.0,AD-47,6072,233435
2024-11-21,18:41:00,116828,111845,0.0217909416503041,-0.0005477854073085,4983,228673,47101.0,San Bernardino,22501.0,AD-47,4941,233614
2024-11-22,20:02:00,117587,112439,0.0223800787737038,0.0005891371233996,5148,230026,33050.0,San Bernardino,17450.0,AD-47,3293,233319
2024-11-23,17:53:00,117835,112609,0.022677960806096,0.0002978820323922,5226,230444,26950.0,San Bernardino,17450.0,AD-47,2348,232792
2024-11-25,17:56:00,118510,113056,0.0235526804453158,0.0008747196392197,5454,231566,11400.0,San Bernardino,4400.0,AD-47,1305,232871
2024-11-26,19:14:00,118697,113222,0.0236073801629017,5.4699717585895286e-05,5475,231919,9700.0,San Bernardino,4400.0,AD-47,1042,232961
2024-11-27,21:09:00,118948,113430,0.0237457934916386,0.0001384133287369,5518,232378,2650.0,San Bernardino,450.0,AD-47,363,232741
2024-11-29,18:55:00,118948,113430,0.0237457934916386,0.0,5518,232378,1000.0,San Bernardino,450.0,AD-47,108,232486
2024-12-02,18:09:00,118987,113472,0.0237246138028641,-2.117968877446072e-05,5515,232459,1000.0,San Bernardino,450.0,AD-47,108,232567
2024-12-03,23:53:00,119072,113538,0.0237908946304974,6.628082763323814e-05,5534,232610,0.0,San Bernardino,0.0,AD-47,0,232610
2024-12-04,20:15:00,119072,113538,0.0237908946304974,0.0,5534,232610,0.0,San Bernardino,0.0,AD-47,0,232610
2024-12-05,10:16:00,119072,113538,0.0237908946304974,0.0,5534,232610,0.0,San Bernardino,0.0,AD-47,0,232610
2024-11-05,23:55:00,32485,33418,0.0141571703867805,,933,65903,,Riverside,,AD-58,,
2024-11-06,08:10:00,39472,38509,0.0123491619753529,-0.0018080084114276,963,77981,,Riverside,,AD-58,,
2024-11-06,17:25:00,46987,44568,0.026421276828136,0.0140721148527831,2419,91555,,Riverside,,AD-58,,
2024-11-07,17:37:00,50634,48086,0.0258103727714748,-0.0006109040566612,2548,98720,609450.0,Riverside,350000.0,AD-58,63355,162075
2024-11-08,17:12:00,50670,48134,0.0256669770454637,-0.0001433957260111,2536,98804,586630.0,Riverside,350000.0,AD-58,63218,162022
2024-11-09,17:44:00,56977,55277,0.0151442264863612,-0.0105227505591024,1700,112254,461630.0,Riverside,225000.0,AD-58,41148,153402
2024-11-10,17:13:00,56977,55277,0.0151442264863612,0.0,1700,112254,461630.0,Riverside,225000.0,AD-58,41148,153402
2024-11-11,17:07:00,57059,55363,0.0150860151927558,-5.8211293605421946e-05,1696,112422,461630.0,Riverside,225000.0,AD-58,41148,153570
2024-11-12,08:08:00,60277,59062,0.0101810807866665,-0.0049049344060893,1215,119339,364520.0,Riverside,165000.0,AD-58,30332,149671
2024-11-12,19:20:00,67332,66640,0.0051652584122055,-0.005015822374461,692,133972,364520.0,Riverside,165000.0,AD-58,30332,164304
2024-11-13,10:32:00,67332,66640,0.0051652584122055,0.0,692,133972,296350.0,Riverside,105000.0,AD-58,19689,153661
2024-11-14,03:14:00,73102,72535,0.0038932414152996,-0.0012720169969058,567,145637,264050.0,Riverside,105000.0,AD-58,19495,165132
2024-11-14,18:06:00,73861,73326,0.0036348318805329,-0.0002584095347667,535,147187,171575.0,Riverside,47500.0,AD-58,9133,156320
2024-11-15,19:06:00,74229,73720,0.0034403747237223,-0.0001944571568105,509,147949,122100.0,Riverside,37500.0,AD-58,7130,155079
2024-11-16,17:52:00,74292,73816,0.0032138709590298,-0.0002265037646924,476,148108,97200.0,Riverside,35600.0,AD-58,6656,154764
2024-11-18,09:30:00,74292,73816,0.0032138709590298,0.0,476,148108,96800.0,Riverside,35200.0,AD-58,6585,154693
2024-11-18,18:44:00,74617,74121,0.0033347228011671,0.0001208518421372,496,148738,58300.0,Riverside,35200.0,AD-58,6354,155092
2024-11-19,18:02:00,75290,74802,0.0032513391786371,-8.338362253005032e-05,488,150092,57010.0,Riverside,34200.0,AD-58,6175,156267
2024-11-20,17:52:00,76045,75566,0.0031594013626979,-9.193781593914552e-05,479,151611,54401.0,Riverside,31900.0,AD-58,5768,157379
2024-11-21,18:41:00,76675,76171,0.0032974366355678,0.0001380352728698,504,152846,47101.0,Riverside,24600.0,AD-58,4479,157325
2024-11-22,20:02:00,77304,76702,0.0039089386127813,0.0006115019772134,602,154006,33050.0,Riverside,15600.0,AD-58,2859,156865
2024-11-23,17:53:00,77366,76788,0.0037494972559907,-0.0001594413567905,578,154154,26950.0,Riverside,9500.0,AD-58,1782,155936
2024-11-25,17:56:00,77642,77074,0.0036712427932469,-7.825446274378105e-05,568,154716,11400.0,Riverside,7000.0,AD-58,1262,155978
2024-11-26,19:14:00,77864,77264,0.0038677737094528,0.0001965309162058,600,155128,9700.0,Riverside,5300.0,AD-58,962,156090
2024-11-27,21:09:00,78097,77456,0.0041207819842754,0.0002530082748226,641,155553,2650.0,Riverside,2200.0,AD-58,391,155944
2024-11-29,18:55:00,78097,77456,0.0041207819842754,0.0,641,155553,1000.0,Riverside,550.0,AD-58,100,155653
2024-12-02,18:09:00,78259,77671,0.0037709228499967,-0.0003498591342786,588,155930,1000.0,Riverside,550.0,AD-58,100,156030
2024-12-03,23:53:00,78292,77696,0.0038208067287227,4.988387872592896e-05,596,155988,0.0,Riverside,0.0,AD-58,0,155988
2024-12-04,20:15:00,78292,77696,0.0038208067287227,0.0,596,155988,0.0,Riverside,0.0,AD-58,0,155988
2024-12-05,10:16:00,78292,77696,0.0038208067287227,0.0,596,155988,0.0,Riverside,0.0,AD-58,0,155988
2024-11-05,23:55:00,32485,33418,0.0141571703867805,,933,65903,,San Bernardino,,AD-58,,
2024-11-06,08:10:00,39472,38509,0.0123491619753529,-0.0018080084114276,963,77981,,San Bernardino,,AD-58,,
2024-11-06,17:25:00,46987,44568,0.026421276828136,0.0140721148527831,2419,91555,,San Bernardino,,AD-58,,
2024-11-07,17:37:00,50634,48086,0.0258103727714748,-0.0006109040566612,2548,98720,609450.0,San Bernardino,259450.0,AD-58,63355,162075
2024-11-08,17:12:00,50670,48134,0.0256669770454637,-0.0001433957260111,2536,98804,586630.0,San Bernardino,236630.0,AD-58,63218,162022
2024-11-09,17:44:00,56977,55277,0.0151442264863612,-0.0105227505591024,1700,112254,461630.0,San Bernardino,236630.0,AD-58,41148,153402
2024-11-10,17:13:00,56977,55277,0.0151442264863612,0.0,1700,112254,461630.0,San Bernardino,236630.0,AD-58,41148,153402
2024-11-11,17:07:00,57059,55363,0.0150860151927558,-5.8211293605421946e-05,1696,112422,461630.0,San Bernardino,236630.0,AD-58,41148,153570
2024-11-12,08:08:00,60277,59062,0.0101810807866665,-0.0049049344060893,1215,119339,364520.0,San Bernardino,199520.0,AD-58,30332,149671
2024-11-12,19:20:00,67332,66640,0.0051652584122055,-0.005015822374461,692,133972,364520.0,San Bernardino,199520.0,AD-58,30332,164304
2024-11-13,10:32:00,67332,66640,0.0051652584122055,0.0,692,133972,296350.0,San Bernardino,191350.0,AD-58,19689,153661
2024-11-14,03:14:00,73102,72535,0.0038932414152996,-0.0012720169969058,567,145637,264050.0,San Bernardino,159050.0,AD-58,19495,165132
2024-11-14,18:06:00,73861,73326,0.0036348318805329,-0.0002584095347667,535,147187,171575.0,San Bernardino,124075.0,AD-58,9133,156320
2024-11-15,19:06:00,74229,73720,0.0034403747237223,-0.0001944571568105,509,147949,122100.0,San Bernardino,84600.0,AD-58,7130,155079
2024-11-16,17:52:00,74292,73816,0.0032138709590298,-0.0002265037646924,476,148108,97200.0,San Bernardino,61600.0,AD-58,6656,154764
2024-11-18,09:30:00,74292,73816,0.0032138709590298,0.0,476,148108,96800.0,San Bernardino,61600.0,AD-58,6585,154693
2024-11-18,18:44:00,74617,74121,0.0033347228011671,0.0001208518421372,496,148738,58300.0,San Bernardino,23100.0,AD-58,6354,155092
2024-11-19,18:02:00,75290,74802,0.0032513391786371,-8.338362253005032e-05,488,150092,57010.0,San Bernardino,22810.0,AD-58,6175,156267
2024-11-20,17:52:00,76045,75566,0.0031594013626979,-9.193781593914552e-05,479,151611,54401.0,San Bernardino,22501.0,AD-58,5768,157379
2024-11-21,18:41:00,76675,76171,0.0032974366355678,0.0001380352728698,504,152846,47101.0,San Bernardino,22501.0,AD-58,4479,157325
2024-11-22,20:02:00,77304,76702,0.0039089386127813,0.0006115019772134,602,154006,33050.0,San Bernardino,17450.0,AD-58,2859,156865
2024-11-23,17:53:00,77366,76788,0.0037494972559907,-0.0001594413567905,578,154154,26950.0,San Bernardino,17450.0,AD-58,1782,155936
2024-11-25,17:56:00,77642,77074,0.0036712427932469,-7.825446274378105e-05,568,154716,11400.0,San Bernardino,4400.0,AD-58,1262,155978
2024-11-26,19:14:00,77864,77264,0.0038677737094528,0.0001965309162058,600,155128,9700.0,San Bernardino,4400.0,AD-58,962,156090
2024-11-27,21:09:00,78097,77456,0.0041207819842754,0.0002530082748226,641,155553,2650.0,San Bernardino,450.0,AD-58,391,155944
2024-11-29,18:55:00,78097,77456,0.0041207819842754,0.0,641,155553,1000.0,San Bernardino,450.0,AD-58,100,155653
2024-12-02,18:09:00,78259,77671,0.0037709228499967,-0.0003498591342786,588,155930,1000.0,San Bernardino,450.0,AD-58,100,156030
2024-12-03,23:53:00,78292,77696,0.0038208067287227,4.988387872592896e-05,596,155988,0.0,San Bernardino,0.0,AD-58,0,155988
2024-12-04,20:15:00,78292,77696,0.0038208067287227,0.0,596,155988,0.0,San Bernardino,0.0,AD-58,0,155988
2024-12-05,10:16:00,78292,77696,0.0038208067287227,0.0,596,155988,0.0,San Bernardino,0.0,AD-58,0,155988
2024-11-14,16:48:00,112380,108744,0.0164432626037879,,3636,221124,141708.0,Orange,74708.0,AD-74,10034,231158
2024-11-15,19:06:00,113257,109915,0.0149749968634058,-0.0014682657403821,3342,223172,118411.0,Orange,71911.0,AD-74,8106,231278
2024-11-16,17:52:00,113444,110079,0.0150543791914031,7.938232799731791e-05,3365,223523,114253.0,Orange,67753.0,AD-74,7869,231392
2024-11-18,09:30:00,113444,110079,0.0150543791914031,0.0,3365,223523,114253.0,Orange,67753.0,AD-74,7869,231392
2024-11-18,18:44:00,113698,110258,0.0153601600314347,0.0003057808400316,3440,223956,98079.0,Orange,51579.0,AD-74,6948,230904
2024-11-19,18:02:00,114182,110603,0.0159218809084236,0.0005617208769888,3579,224785,86155.0,Orange,39655.0,AD-74,6270,231055
2024-11-20,17:52:00,114481,110826,0.0162223100036838,0.0003004290952602,3655,225307,78426.0,Orange,31926.0,AD-74,5830,231137
2024-11-21,18:41:00,116044,112409,0.0159113690781035,-0.0003109409255802,3635,228453,43926.0,Orange,31926.0,AD-74,2853,231306
2024-11-22,20:02:00,116187,112518,0.0160425001639666,0.000131131085863,3669,228705,33907.0,Orange,21907.0,AD-74,2283,230988
2024-11-23,17:53:00,116472,112727,0.0163395128250995,0.0002970126611329,3745,229199,30127.0,Orange,18127.0,AD-74,2067,231266
2024-11-25,17:56:00,116537,112763,0.0164587876144788,0.0001192747893792,3774,229300,24676.0,Orange,12676.0,AD-74,1757,231057
2024-11-26,19:14:00,116655,112845,0.0166013071895424,0.0001425195750636,3810,229500,25133.0,Orange,13133.0,AD-74,1783,231283
2024-11-27,21:09:00,117147,113272,0.0168171895546808,0.0002158823651383,3875,230419,23565.0,Orange,11565.0,AD-74,1694,232113
2024-11-29,18:55:00,117147,113272,0.0168171895546808,0.0,3875,230419,11565.0,Orange,11565.0,AD-74,658,231077
2024-12-02,18:09:00,117157,113280,0.0168245550844699,7.365529789121056e-06,3877,230437,11238.0,Orange,11238.0,AD-74,640,231077
2024-12-03,23:53:00,117208,113338,0.0167862378874497,-3.831719702014971e-05,3870,230546,0.0,Orange,0.0,AD-74,0,230546
2024-12-04,20:15:00,117208,113338,0.0167862378874497,0.0,3870,230546,0.0,Orange,0.0,AD-74,0,230546
2024-12-05,10:16:00,117208,113338,0.0167862378874497,0.0,3870,230546,0.0,Orange,0.0,AD-74,0,230546
2024-11-14,16:48:00,112380,108744,0.0164432626037879,,3636,221124,141708.0,San Diego,67000.0,AD-74,10034,231158
2024-11-15,19:06:00,113257,109915,0.0149749968634058,-0.0014682657403821,3342,223172,118411.0,San Diego,46500.0,AD-74,8106,231278
2024-11-16,17:52:00,113444,110079,0.0150543791914031,7.938232799731791e-05,3365,223523,114253.0,San Diego,46500.0,AD-74,7869,231392
2024-11-18,09:30:00,113444,110079,0.0150543791914031,0.0,3365,223523,114253.0,San Diego,46500.0,AD-74,7869,231392
2024-11-18,18:44:00,113698,110258,0.0153601600314347,0.0003057808400316,3440,223956,98079.0,San Diego,46500.0,AD-74,6948,230904
2024-11-19,18:02:00,114182,110603,0.0159218809084236,0.0005617208769888,3579,224785,86155.0,San Diego,46500.0,AD-74,6270,231055
2024-11-20,17:52:00,114481,110826,0.0162223100036838,0.0003004290952602,3655,225307,78426.0,San Diego,46500.0,AD-74,5830,231137
2024-11-21,18:41:00,116044,112409,0.0159113690781035,-0.0003109409255802,3635,228453,43926.0,San Diego,12000.0,AD-74,2853,231306
2024-11-22,20:02:00,116187,112518,0.0160425001639666,0.000131131085863,3669,228705,33907.0,San Diego,12000.0,AD-74,2283,230988
2024-11-23,17:53:00,116472,112727,0.0163395128250995,0.0002970126611329,3745,229199,30127.0,San Diego,12000.0,AD-74,2067,231266
2024-11-25,17:56:00,116537,112763,0.0164587876144788,0.0001192747893792,3774,229300,24676.0,San Diego,12000.0,AD-74,1757,231057
2024-11-26,19:14:00,116655,112845,0.0166013071895424,0.0001425195750636,3810,229500,25133.0,San Diego,12000.0,AD-74,1783,231283
2024-11-27,21:09:00,117147,113272,0.0168171895546808,0.0002158823651383,3875,230419,23565.0,San Diego,12000.0,AD-74,1694,232113
2024-11-29,18:55:00,117147,113272,0.0168171895546808,0.0,3875,230419,11565.0,San Diego,0.0,AD-74,658,231077
2024-12-02,18:09:00,117157,113280,0.0168245550844699,7.365529789121056e-06,3877,230437,11238.0,San Diego,0.0,AD-74,640,231077
2024-12-03,23:53:00,117208,113338,0.0167862378874497,-3.831719702014971e-05,3870,230546,0.0,San Diego,0.0,AD-74,0,230546
2024-12-04,20:15:00,117208,113338,0.0167862378874497,0.0,3870,230546,0.0,San Diego,0.0,AD-74,0,230546
2024-12-05,10:16:00,117208,113338,0.0167862378874497,0.0,3870,230546,0.0,San Diego,0.0,AD-74,0,230546
